paper_id,tier,score_before,score_after,delta,verdict_before,verdict_after,human_f1,human_precision,human_recall,llm_agreement
Hong_et_al__-_2022_-_All-Solid-State_Lithium_Batteries_Li__,simple,75.8,81.8,6.0,Good,Good,0.9474,1.0,0.9,0.8333
Lee_et_al__-_2001_-_Synthesis_and_characterization_of_lithiu,simple,75.8,81.8,6.0,Good,Good,0.8333,0.8333,0.8333,0.75
Liu_et_al__-_2021_-_Impedance_Modeling_of_Solid-State_Electr,simple,92.5,97.5,5.0,Excellent,Excellent,0.875,0.875,0.875,1.0
Li_et_al__-_2018_-_Co-modification_by_LiAlO2-coating_and_Al-,complex,86.2,90.7,4.5,Good,Excellent,0.9123,0.963,0.8667,0.9167
Cheng_et_al__-_2020_-_Unveiling_the_Stable_Nature_of_the_Sol,moderate,93.7,97.9,4.2,Excellent,Excellent,0.9455,0.963,0.9286,0.75
Xu_et_al__-_2019_-_Li_metal-free_rechargeable_all-solid-stat,moderate,81.7,85.2,3.5,Good,Good,0.9444,1.0,0.8947,0.9118
Li_et_al__-_2023_-_One_step_in-situ_synthesis_of_Na3V2_PO4_3,simple,78.1,81.2,3.1,Good,Good,0.9756,1.0,0.9524,0.8421
Lv_et_al__-_2022_-_Two-dimensional_V2C_Se__MXene__composite_,simple,93.7,96.8,3.1,Excellent,Excellent,0.9714,1.0,0.9444,1.0
Qian_et_al__-_2018_-_Electrochemical_surface_passivation_of_,moderate,84.8,87.3,2.5,Good,Good,0.9388,0.9583,0.92,0.9524
Chen_et_al__-_Staging_Phase_Transitions_in_LixCoO2,complex,88.7,91.1,2.4,Good,Excellent,0.973,0.973,0.973,0.7188
Han_et_al__-_2015_-_A_Battery_Made_from_a_Single_Material,moderate,86.6,88.7,2.1,Good,Good,0.9286,0.8966,0.963,0.8462
Yi_et_al__-_2015_-_Facile_in_Situ_Preparation_of_Graphitic-C,moderate,91.8,93.8,2.0,Excellent,Excellent,0.9643,1.0,0.931,0.9167
Maekawa_et_al__-_2008_-_Enhanced_lithium_ion_conduction_and_,moderate,82.1,84.0,1.9,Good,Good,0.9688,0.9688,0.9688,1.0
Oyakhire_et_al__-_2022_-_Electrical_resistance_of_the_curren,moderate,89.2,91.0,1.8,Good,Excellent,0.9062,0.8529,0.9667,0.8333
Kim_et_al__-_2017_-_Reduced_Graphene_OxideLiI_Composite_Lith,complex,86.5,88.0,1.5,Good,Good,0.9398,0.9286,0.9512,0.7632
Gao_et_al__-_2018_-_Na_3_MnZr_PO_4___3sub,simple,98.0,98.0,0.0,Excellent,Excellent,1.0,1.0,1.0,0.9333
L_pez-Aranguren_et_al__-_2021_-_Crystalline_LiPON_as_a_Bulk-,simple,96.9,96.9,0.0,Excellent,Excellent,0.9744,0.95,1.0,0.7778
Lamsayah_et_al__-_2016_-_High_liquid_liquid_extraction_selec,simple,85.7,85.7,0.0,Good,Good,0.8824,1.0,0.7895,0.6875
Li_and_Monroe_-_2019_-_Dendrite_nucleation_in_lithium-conduc,simple,97.8,97.8,0.0,Excellent,Excellent,0.9565,0.9167,1.0,1.0
Trease_et_al__-_2016_-_Identifying_the_Distribution_of_Al_3_,simple,98.2,98.2,0.0,Excellent,Excellent,0.9286,0.8667,1.0,0.8333
Byeon_et_al__-_2017_-_Two-Dimensional_Titanium_Carbide_MXene,moderate,95.6,95.6,0.0,Excellent,Excellent,0.9804,0.9615,1.0,0.9565
Kanno_-_2000_-_Synthesis_of_a_new_lithium_ionic_conductor__t,moderate,92.5,92.5,0.0,Excellent,Excellent,0.8696,0.7692,1.0,0.9524
Riaz_et_al__-_2014_-_Carbon-__Binder-__and_Precious_Metal-Fr,moderate,88.4,88.4,0.0,Good,Good,0.9062,0.8788,0.9355,0.9375
Chu_et_al__-_2020_-_A_multi-functional_binder_for_high_loadi,complex,87.3,87.3,0.0,Good,Good,0.918,0.9032,0.9333,0.8929
Cui_et_al__-_2021_-_Zinc-Doped_High-Nickel__Low-Cobalt_Layer,complex,94.9,94.9,0.0,Excellent,Excellent,0.9873,1.0,0.975,0.6
Kim_et_al__-_2017_-_Electrochemical_lithium_intercalation_be,complex,97.4,97.4,0.0,Excellent,Excellent,0.9355,0.9355,0.9355,0.8519
Lin_et_al__-_2016_-_Layered_reduced_graphene_oxide_with_nano,complex,85.0,85.0,0.0,Good,Good,0.9811,0.963,1.0,0.6667
Liu_et_al__-_2021_-_Understanding_Co_roles_towards_developin,complex,92.3,92.3,0.0,Excellent,Excellent,0.8718,0.8718,0.8718,0.8462
Wang_et_al__-_2014_-_Enhancing_lithium_sulphur_battery_perfo,complex,83.7,83.7,0.0,Good,Good,0.9565,0.9167,1.0,0.5417
Rana_et_al__-_2020_-_Oriented_nanoporous_MOFs_to_mitigate_po,complex,87.8,86.8,-1.0,Good,Good,0.9586,0.9205,1.0,0.6842
