file,paper,group,section,path,item_id,item_name,is_supported,confidence,contradiction,reasoning_excerpt,suggested_fix
Verified_An_et_al__-_2016_-_The_state_of_understanding_of_the_lithium-ion-batt_reactions.json,An_et_al__-_2016_-_The_state_of_understanding_of_the_lithium-ion-batt,high,chemicals,chemicals[8],chem_9,lithium perchlorate,False,0.62,contradiction_clear,"The paper does mention lithium perchlorate (LiClO4) in Section 8 (“LiClO4 has high ionic conductivity…”) on the page labeled 61 in the text. However, no specific amount/concentration of LiClO4 used in","Chemical: lithium perchlorate (LiClO4); Amount: Not specified (only qualitative discussion and conductivity values are provided, no concentration/amount used)."
Verified_An_et_al__-_2016_-_The_state_of_understanding_of_the_lithium-ion-batt_reactions.json,An_et_al__-_2016_-_The_state_of_understanding_of_the_lithium-ion-batt,high,characterization,characterization[0],SEM,SEM,False,0.9,contradiction_clear,"The document explicitly discusses SEM as a characterization method (Section 6) and includes SEM micrographs in Fig. 2 (caption: “Fig. 2 shows SEM micrographs...”), indicating SEM characterization is p","Populate the SEM field as present, e.g., [""SEM (Scanning Electron Microscopy)""] or include the specific instance: ""SEM micrographs of SEI morphology at various formation potentials (Fig. 2, from Lu et"
Verified_An_et_al__-_2016_-_The_state_of_understanding_of_the_lithium-ion-batt_reactions.json,An_et_al__-_2016_-_The_state_of_understanding_of_the_lithium-ion-batt,high,characterization,characterization[2],EIS,EIS,False,0.62,contradiction_clear,"The document explicitly discusses electrochemical impedance spectroscopy (EIS) as a characterization/analysis method for the SEI (Section 6, starting on page 60). Therefore, the empty list '[]' for 'C","Include EIS as a characterization technique (e.g., [""Electrochemical Impedance Spectroscopy (EIS)""])."
Verified_An_et_al__-_2016_-_The_state_of_understanding_of_the_lithium-ion-batt_reactions.json,An_et_al__-_2016_-_The_state_of_understanding_of_the_lithium-ion-batt,high,characterization,characterization[3],XPS,XPS,False,0.78,contradiction_clear,"The paper explicitly discusses XPS as a characterization method for SEI analysis (Section 6) and includes XPS in the abbreviations list, but it does not provide a discrete list of XPS characterization","Indicate that XPS was used/mentioned for SEI characterization. For example: [""X-ray Photoelectron Spectroscopy (XPS)""] or a boolean/yes flag for XPS characterization."
Verified_Barbosa_et_al__-_2021_-_Metal_organic_frameworks_and_zeolite_materials_as__reactions.json,Barbosa_et_al__-_2021_-_Metal_organic_frameworks_and_zeolite_materials_as_,high,synthesis,synthesis.steps[0].operations[0],solvent_casting,,False,0.93,contradiction_clear,The paper is a review discussing processing techniques for composite solid electrolytes and explicitly mentions that “the most extensively used techniques… are solvent casting and hot pressing.” Howev,Not specified (review article; no single synthesis operation for ‘this work’ is given).
Verified_Barbosa_et_al__-_2021_-_Metal_organic_frameworks_and_zeolite_materials_as__reactions.json,Barbosa_et_al__-_2021_-_Metal_organic_frameworks_and_zeolite_materials_as_,high,workflow,workflow.ambiguities[0],"Missing quantitative synthesis details (amounts, temperatures, solvents).",,False,0.86,contradiction_clear,"The paper is a review and does not provide a single unified experimental procedure for “solvent casting” (amounts, temperatures, solvents) because it summarizes many different studies. Table 1 indeed ","Revise to: “Detailed solvent-casting experimental parameters (specific solvents, concentrations, times, temperatures) are not provided in this review/Table 1; Table 1 mainly reports technique type alo"
Verified_Barbosa_et_al__-_2021_-_Metal_organic_frameworks_and_zeolite_materials_as__reactions.json,Barbosa_et_al__-_2021_-_Metal_organic_frameworks_and_zeolite_materials_as_,high,analysis,analysis.methods[1],unknown,,False,0.66,contradiction_clear,"The field “Analysis Method” has an empty extracted value. The paper text explicitly mentions several characterization/analysis methods (e.g., scanning electron microscopy (SEM) images of SEI layer and","Populate “Analysis Method” with methods explicitly mentioned, e.g., “Scanning electron microscopy (SEM)” and (where relevant) “Impedance measurements (electrochemical impedance spectroscopy, EIS)”."
Verified_Cheenicode_Kabeer_et_al__-_2017_-_First-Principles_Study_of_Alkoxides_Adsorbed_on_Au_reactions.json,Cheenicode_Kabeer_et_al__-_2017_-_First-Principles_Study_of_Alkoxides_Adsorbed_on_Au,high,targets,targets[3],target_4,2-propoxy,False,0.74,contradiction_clear,"The field “Target Formula” is left blank in the extracted value. The paper (including Tables 3–5) clearly specifies the chemical identities of the adsorbates (methoxy, ethoxy, 1-propoxy, 2-propoxy, al","If the intent is the set of studied adsorbates, list them explicitly (e.g., methoxy, ethoxy, 1-propoxy, 2-propoxy, allyloxy, methallyloxy, acetate, trifluoroethoxy) or provide their molecular formulas"
Verified_Cheenicode_Kabeer_et_al__-_2017_-_First-Principles_Study_of_Alkoxides_Adsorbed_on_Au_reactions.json,Cheenicode_Kabeer_et_al__-_2017_-_First-Principles_Study_of_Alkoxides_Adsorbed_on_Au,high,targets,targets[4],target_5,allyloxy,False,0.62,contradiction_clear,"The extracted value for ""Target Formula"" is blank, but the paper clearly specifies the chemical identities/formulas of the studied adsorbates throughout (e.g., methoxy, ethoxy, 1-propoxy, 2-propoxy, a","Specify the target species/formula(s) explicitly. For example, the adsorbates studied are: methoxy, ethoxy, 1-propoxy, 2-propoxy, allyloxy, methallyloxy, acetate, and trifluoroethoxy (CF3CH2O–). If th"
Verified_Cheenicode_Kabeer_et_al__-_2017_-_First-Principles_Study_of_Alkoxides_Adsorbed_on_Au_reactions.json,Cheenicode_Kabeer_et_al__-_2017_-_First-Principles_Study_of_Alkoxides_Adsorbed_on_Au,high,analysis,analysis.methods[1],unknown,,False,0.77,contradiction_clear,"The extracted value for “Analysis Method” is blank, but the paper explicitly states the analysis/computational method in the METHOD section: density-functional theory (DFT) calculations using PBE exch","Density-functional theory (DFT) using PBE with and without screened vdW interactions (DFT+vdWsurf / Tkatchenko–Scheffler vdWsurf), computed with FHI-aims (Au(111)) and VASP (Au(110))."
Verified_Huang_et_al__-_2021_-_Deep_potential_generation_scheme_and_simulation_pr_reactions.json,Huang_et_al__-_2021_-_Deep_potential_generation_scheme_and_simulation_pr,high,characterization,characterization[0],"Molecular dynamics simulation (Deep Potential, DP-GEN)","Molecular dynamics simulation (Deep Potential, DP-GEN)",False,0.93,contradiction_clear,"The paper explicitly discusses and uses molecular dynamics simulations driven by Deep Potential models generated via DP-GEN (e.g., Sections II.A and II.D; Tables I and III), including details of DP-GE","Indicate that Molecular dynamics simulation using Deep Potential (DP) models generated by DP-GEN was performed; include key settings such as LAMMPS MD, NVT/NpT ensembles, timestep 2 fs, ~900-atom cell"
Verified_Huang_et_al__-_2021_-_Deep_potential_generation_scheme_and_simulation_pr_reactions.json,Huang_et_al__-_2021_-_Deep_potential_generation_scheme_and_simulation_pr,high,analysis,analysis.methods[0],unknown,,False,0.42,contradiction_clear,"The field “Analysis Method” has no extracted value provided. While the paper clearly describes multiple methods used (e.g., DP-GEN/deep potential generation, molecular dynamics with LAMMPS, DFT with V","Populate the field with the analysis/simulation methods explicitly stated, e.g., “Deep Potential Generator (DP-GEN) with Deep Potential models; DFT (PAW in VASP); Molecular Dynamics (LAMMPS); locality"
Verified_Hunter_and_Beyerlein_-_2014_-_Stacking_fault_emission_from_grain_boundaries_Mat_reactions.json,Hunter_and_Beyerlein_-_2014_-_Stacking_fault_emission_from_grain_boundaries_Mat,high,analysis,analysis.methods[0],unknown,,False,0.52,contradiction_clear,"The paper explicitly discusses multiple analysis/modeling methods (DFT, PFDD, DFT-PFDD, and references to MD) throughout the text (e.g., abstract and Sections 2–3), so an empty extracted value is not ","Density functional theory (DFT) integrated with phase-field dislocation dynamics (PFDD) (i.e., a DFT-PFDD model); DFT uses PAW potentials, PBE exchange-correlation, Monkhorst–Pack k-point sampling, an"
Verified_Jalem_et_al__-_2018_-_Bayesian-Driven_First-Principles_Calculations_for__reactions.json,Jalem_et_al__-_2018_-_Bayesian-Driven_First-Principles_Calculations_for_,high,targets,targets[2],target_3,LiMgSO4F,False,0.78,contradiction_clear,"The paper explicitly mentions the compound formula LiMgSO4F (Page 7), not LiMgSO4F. The extracted value includes an extra “4” (LiMgSO4F) which is not supported anywhere in the provided text.",LiMgSO4F
Verified_Kim_et_al__-_2024_-_Fluorine-Substituted_Lithium_Chloride_Solid_Electr_reactions.json,Kim_et_al__-_2024_-_Fluorine-Substituted_Lithium_Chloride_Solid_Electr,high,targets,targets[1],target_2,Li3YCl5.5F0.5,False,0.95,contradiction_mixed,"The exact target formula “Li3YCl5.5F0.5” is explicitly present in the paper (e.g., Page 6, Fig. 4 caption: “F0.5 correspond to … Li3YCl5.5F0.5”, and Page 7 lists ionic conductivity for “Li3YCl5.5F0.5”",
Verified_Kim_et_al__-_2024_-_Fluorine-Substituted_Lithium_Chloride_Solid_Electr_reactions.json,Kim_et_al__-_2024_-_Fluorine-Substituted_Lithium_Chloride_Solid_Electr,high,targets,targets[3],target_4,Li3YCl4.5F1.5,False,0.9,contradiction_mixed,"The formula “Li3YCl4.5F1.5” is explicitly mentioned in the paper (Page 6: “The XRD patterns of Li3YCl4.5F1.5 (x = 1.5)…”). However, the requested field is “Target Formula”, and throughout the paper th",Li3YCl5F
Verified_Kim_et_al__-_2024_-_Fluorine-Substituted_Lithium_Chloride_Solid_Electr_reactions.json,Kim_et_al__-_2024_-_Fluorine-Substituted_Lithium_Chloride_Solid_Electr,high,targets,targets[5],target_6,Li2ZrCl5F,False,0.97,contradiction_mixed,"The paper discusses fluorine-substituted zirconium chloride electrolytes as Li2ZrCl6−xFx and explicitly mentions/synthesizes Li2ZrCl5F (e.g., Page 7: “Li2ZrCl6 and Li2ZrCl5F…”). Nowhere in the provide",Li2ZrCl5F
Verified_Kim_et_al__-_2024_-_Fluorine-Substituted_Lithium_Chloride_Solid_Electr_reactions.json,Kim_et_al__-_2024_-_Fluorine-Substituted_Lithium_Chloride_Solid_Electr,high,chemicals,chemicals[1],chem_2,Li3YCl5.5F0.5,False,0.9,contradiction_mixed,"The document explicitly mentions Li3YCl5.5F0.5 as a composition (e.g., Page 6/Figure 4 caption and Page 7 conductivity section). However, the extracted chemical identity is written as “Li3YCl5.5F0.5”,","Chemical Identity: Li3YCl5.5F0.5; Amount (mass/moles used): Not specified in the text. (Relevant mentions occur on provided Page 6–7, e.g., Figure 4 caption and conductivity section.)"
Verified_Kim_et_al__-_2024_-_Fluorine-Substituted_Lithium_Chloride_Solid_Electr_reactions.json,Kim_et_al__-_2024_-_Fluorine-Substituted_Lithium_Chloride_Solid_Electr,high,chemicals,chemicals[3],chem_4,Li3YCl4.5F1.5,False,0.76,contradiction_clear,"The paper mentions the composition Li3YCl4.5F1.5 (Page 6, XRD discussion). However, the extracted chemical identity is ""Li3YCl4.5F1.5"" only partially: it is correct that this composition appears, but ",Chemical identity: Li3YCl4.5F1.5 (x = 1.5). Amount (mass/volume): not specified in the provided main text (likely in Supporting Information).
Verified_Kim_et_al__-_2024_-_Fluorine-Substituted_Lithium_Chloride_Solid_Electr_reactions.json,Kim_et_al__-_2024_-_Fluorine-Substituted_Lithium_Chloride_Solid_Electr,high,workflow,workflow.timeline[0],unknown,Synthesis of fluorine-substituted Li3YCl6 solid electrolytes.,False,0.55,contradiction_clear,"The paper explicitly discusses and reports the synthesis/validation of fluorine-substituted Li3YCl6 (notably Li3YCl5F) via mechanochemical reactions. However, the extracted value states “Synthesis of ",If the field must be “Workflow Timeline”: Not specified (the paper does not provide a chronological timeline). If the intended field is “Workflow/Process”: Synthesis of F-substituted Li3YCl6−xFx (x = 
Verified_Kim_et_al__-_2024_-_Fluorine-Substituted_Lithium_Chloride_Solid_Electr_reactions.json,Kim_et_al__-_2024_-_Fluorine-Substituted_Lithium_Chloride_Solid_Electr,high,characterization,characterization[4],Battery testing,Battery testing,False,0.82,contradiction_clear,"Most values are explicitly stated in the text describing Figures 4e–4g: at 0.1 C and 4.5 V, Li3YCl6 = 198 mAh/g and Li3YCl5.5F0.5 ≈ 210 mAh/g; at 0.1 C and 4.7 V, Li3YCl6 = 197.4 mAh/g and Li3YCl5F = ","Revise the 4.5 V, 0.1C value for Li3YCl5.5F0.5 to reflect the paper’s wording, e.g., '≈210 mAh g-1 (Li3YCl5.5F0.5 and Li3YCl5F, 0.1C, 2.9–4.5 V)' or extract the exact per-composition values directly f"
Verified_Lee_et_al__-_2020_-_Fe_2_CS_2_MXene_a_promising_reactions.json,Lee_et_al__-_2020_-_Fe_2_CS_2_MXene_a_promising,high,chemicals,chemicals[2],chem_3,Ti2CS2,False,0.85,contradiction_clear,"The paper discusses Ti2CO2, Ti2CS2, Fe2CO2, and Fe2CS2 MXenes throughout. While Ti2CS2 (a titanium-based sulfide-terminated MXene) appears, the specific chemical identity ""Ti2CS2"" is not the same as t",Ti2CS2 | Amount: Not specified in text
Verified_Radjendirane_et_al__-_2024_-_Overview_of_Inorganic_Electrolytes_for_All-Solid-S_reactions.json,Radjendirane_et_al__-_2024_-_Overview_of_Inorganic_Electrolytes_for_All-Solid-S,high,chemicals,chemicals[1],chem_2,P2S5,False,0.94,contradiction_mixed,"The provided full text (Langmuir 2024, 40, 16690–16712) does not mention P2S5 anywhere. It does mention P2S5 only indirectly as part of a glass composition written as “75Na2S-25P2S5 glass”, but that i","Chemical identity should be changed to either (a) “P2S5: not mentioned” if you are extracting reagents, or (b) if extracting compositions, use “75Na2S-25P2S5 glass (25 mol% P2S5 component)” with no ad"
Verified_Radjendirane_et_al__-_2024_-_Overview_of_Inorganic_Electrolytes_for_All-Solid-S_reactions.json,Radjendirane_et_al__-_2024_-_Overview_of_Inorganic_Electrolytes_for_All-Solid-S,high,workflow,workflow.timeline[0],unknown,Thermal conversion of Na2S/P2S5 glass precursor to Na3PS4 polymorphs,False,0.87,contradiction_clear,The provided review text does discuss Na3PS4 polymorphs (cubic vs tetragonal) and mentions that Hayashi et al. obtained cubic/tetragonal Na3PS4 glass-ceramics from a 75Na2S–25P2S5 glass at different t,"If the intent is to capture the described process, use the wording supported by the text: “Hayashi et al. reported Na3PS4-based glass–ceramic electrolyte; cubic and tetragonal phases were obtained fro"
Verified_Scharf_et_al__-_2022_-_Bridging_nano-_and_microscale_X-ray_tomography_for_reactions.json,Scharf_et_al__-_2022_-_Bridging_nano-_and_microscale_X-ray_tomography_for,high,analysis,analysis.methods[0],unknown,,False,0.35,contradiction_clear,"The extracted value for “Analysis Method” is blank. The paper explicitly discusses analysis methods for X-ray CT data (for example, species segmentation approaches such as thresholding/global threshol","Populate “Analysis Method” with an explicit method mentioned in the text, e.g., “X-ray CT data analysis using species segmentation (thresholding/global thresholding, adaptive local segmentation such a"
Verified_Sj_lin_et_al__-_2023_-_Accelerated_Workflow_for_Antiperovskite_based_Soli_reactions.json,Sj_lin_et_al__-_2023_-_Accelerated_Workflow_for_Antiperovskite_based_Soli,high,targets,targets[7],t8,Na3FSe,False,0.92,contradiction_clear,"Table 2 in the provided text lists several candidate formulas including “Na3Fse” (case-insensitive: Na3FSe), but does not list “Na3FSe” as “Na3FSe” with the B-site element Se paired with A-site F? Act",
Verified_Sj_lin_et_al__-_2023_-_Accelerated_Workflow_for_Antiperovskite_based_Soli_reactions.json,Sj_lin_et_al__-_2023_-_Accelerated_Workflow_for_Antiperovskite_based_Soli,high,targets,targets[11],t12,Na3OBr,False,0.95,contradiction_clear,"Table 2 (the only table labeled in the provided text) lists candidate antiperovskite formulas including Na3OBr (shown as ""Na3Obr"" due to casing) but not Na3OBr. The extracted value ""Na3OBr"" is missing",
Verified_Sj_lin_et_al__-_2023_-_Accelerated_Workflow_for_Antiperovskite_based_Soli_reactions.json,Sj_lin_et_al__-_2023_-_Accelerated_Workflow_for_Antiperovskite_based_Soli,high,targets,targets[12],t13,Na3OI,False,0.98,contradiction_clear,"Table 2 in the provided text lists the candidate compound as “Na3OI” (sodium antiperovskite with O and I). The extracted target formula “Na3OI” would be supported, but the extracted value is “Na3OI” m",
Verified_Tian_et_al__-_2020_-_Recently_advances_and_perspectives_of_anode-free_r_reactions.json,Tian_et_al__-_2020_-_Recently_advances_and_perspectives_of_anode-free_r,high,targets,targets[0],target_1,PEO-coated Cu current collector,False,0.9,contradiction_clear,"The extracted value for “Target Formula” is blank, and the cited provenance (“Page 7, Fig. 6a–c description”) discusses PEO@Cu coating and anode-free cells but does not provide a single explicit ‘targ","If the intent is the material highlighted in Fig. 6a–c, it is poly(ethylene oxide) (PEO) coating on Cu (i.e., Cu@PEO / PEO@Cu). If the field must be a chemical formula, use “(C2H4O)n” for PEO; otherwi"
Verified_Yu_and_Manthiram_-_2018_-_Electrode_electrolyte_interfaces_in_lithium-based__reactions.json,Yu_and_Manthiram_-_2018_-_Electrode_electrolyte_interfaces_in_lithium-based_,high,workflow,workflow.ambiguities[0],Thickness units possibly misprinted as mm instead of μm.,,False,0.95,contradiction_clear,"The source text explicitly states: “prepared with a 2 mm LiCoO2 cathode, a 1.5 mm LIPON electrolyte, and an 80 nm amorphous silicon anode.” This supports that the paper reports thicknesses in mm for L","If the field must capture what the paper states, record the thicknesses as reported: 2 mm LiCoO2 cathode; 1.5 mm LiPON electrolyte (and 80 nm amorphous Si anode). If the field is specifically ‘ambigui"
Verified_Zhu_et_al__-_2015_-_Origin_of_Outstanding_Stability_in_the_Lithium_Sol_reactions.json,Zhu_et_al__-_2015_-_Origin_of_Outstanding_Stability_in_the_Lithium_Sol,high,analysis,analysis.methods[0],unknown,,False,0.93,contradiction_clear,"The field “Analysis Method” has an empty extracted value. In the provided supporting information, Table S2 (p. S-3 and onward) reports “Calculated plateaus for the lithiation and delithiation of solid",First-principles calculations / thermodynamic analyses based on first-principles calculations (DFT-based).
Verified_de_Klerk_and_Wagemaker_-_2018_-_Space-Charge_Layers_in_All-Solid-State_Batteries___reactions.json,de_Klerk_and_Wagemaker_-_2018_-_Space-Charge_Layers_in_All-Solid-State_Batteries__,high,analysis,analysis.methods[1],unknown,,False,0.25,contradiction_clear,"The extracted value for “Analysis Method” is blank, but the paper clearly describes a computational/theoretical approach: a 1D space-charge layer model solving the Poisson equation and related thermod",Analysis Method: Computational/theoretical modeling (1D space-charge layer model; numerical solution of Poisson equation with thermodynamic defect model; Matlab code provided as Supporting Information
Verified_Assegie_et_al__-_2018_-_Polyethylene_oxide_film_coating_enhances_lithium_c_reactions.json,Assegie_et_al__-_2018_-_Polyethylene_oxide_film_coating_enhances_lithium_c,low,chemicals,chemicals[1],chem_2,Water,False,0.72,contradiction_clear,"The paper explicitly mentions water as part of the solvent used to dissolve PEO in the Experimental section: “A 0.1 g sample of polyethylene oxide … was dissolved in a mixture of water/ethanol (1/1, v","Water | Amount: present as part of water/ethanol mixture (1/1, v/v) used to dissolve 0.1 g PEO (stirred 24 h)."
Verified_Assegie_et_al__-_2018_-_Polyethylene_oxide_film_coating_enhances_lithium_c_reactions.json,Assegie_et_al__-_2018_-_Polyethylene_oxide_film_coating_enhances_lithium_c,low,chemicals,chemicals[2],chem_3,Ethanol,False,0.74,contradiction_clear,"The paper explicitly mentions ethanol as part of the solvent mixture used to dissolve PEO: “A 0.1 g sample of polyethylene oxide … was dissolved in a mixture of water/ethanol (1/1, v/v) …” (Experiment",Ethanol | Amount: used in water/ethanol mixture at 1/1 (v/v) (for dissolving 0.1 g PEO).
Verified_Assegie_et_al__-_2018_-_Polyethylene_oxide_film_coating_enhances_lithium_c_reactions.json,Assegie_et_al__-_2018_-_Polyethylene_oxide_film_coating_enhances_lithium_c,low,chemicals,chemicals[8],chem_9,"1,3-Dioxolane",False,0.78,contradiction_clear,"The document explicitly mentions 1,3-dioxolane (DOL) as part of the electrolyte solvent mixture (e.g., “LiTFSI in 1,3-dioxolane and 1,2-dimethoxyethane (1/1, v/v) with 2 wt% LiNO3” and “DME/DOL (1/1, ","1,3-Dioxolane (DOL) | Amount: DME/DOL = 1/1 (v/v) in electrolyte (absolute volume not specified; electrolyte volume ~60 µL is given for the whole electrolyte)."
Verified_Assegie_et_al__-_2018_-_Polyethylene_oxide_film_coating_enhances_lithium_c_reactions.json,Assegie_et_al__-_2018_-_Polyethylene_oxide_film_coating_enhances_lithium_c,low,chemicals,chemicals[17],chem_18,Aluminum foil,False,0.75,contradiction_clear,"The paper explicitly mentions aluminum foil in the Experimental section (“Aluminum foil was first treated with a dilute NaOH solution…”), so the chemical identity is supported. However, the text does ",Chemical: Aluminum foil. Amount: Not specified in text.
Verified_Assegie_et_al__-_2018_-_Polyethylene_oxide_film_coating_enhances_lithium_c_reactions.json,Assegie_et_al__-_2018_-_Polyethylene_oxide_film_coating_enhances_lithium_c,low,synthesis,synthesis.steps[3].operations[0],dry,,False,0.78,contradiction_clear,"The paper does mention drying steps (e.g., “placed directly into a vacuum oven at 60 °C and dried to remove any remnant solvent”; also “dried copper electrodes”), but it does not explicitly label a sy",vacuum-oven drying at 60 °C (after spin coating) to remove remnant solvent
Verified_Assegie_et_al__-_2018_-_Polyethylene_oxide_film_coating_enhances_lithium_c_reactions.json,Assegie_et_al__-_2018_-_Polyethylene_oxide_film_coating_enhances_lithium_c,low,synthesis,synthesis.steps[4].operations[0],store,,False,0.92,contradiction_clear,"The paper’s Experimental section and methods describe fabrication steps (spin coating, drying in vacuum oven, transfer to glove box, kept overnight before cell assembly). Nowhere does it list a synthe","If the field expects a storage/holding operation, the closest explicit wording is: “kept overnight (in an argon-filled glove box) before cell assembly.” Otherwise, leave as Not specified."
Verified_Boulineau_et_al__-_2012_-_Mechanochemical_synthesis_of_Li-argyrodite_Li6PS5X_reactions.json,Boulineau_et_al__-_2012_-_Mechanochemical_synthesis_of_Li-argyrodite_Li6PS5X,low,chemicals,chemicals[0],chem_1,Li2S,False,0.74,contradiction_clear,The paper explicitly lists Li2S as a reagent-grade starting material in the Experimental section: “Reagent-grade Li2S … P2S5 … and LiX … were used as starting materials…”. Thus the chemical identity L,Li2S | Amount: used as starting material; total mixed powders mass for milling = 1 g (individual Li2S mass not specified; mixed in stoichiometric proportions to yield Li6PS5X).
Verified_Boulineau_et_al__-_2012_-_Mechanochemical_synthesis_of_Li-argyrodite_Li6PS5X_reactions.json,Boulineau_et_al__-_2012_-_Mechanochemical_synthesis_of_Li-argyrodite_Li6PS5X,low,workflow,workflow.timeline[0],unknown,Preparation of stoichiometric precursor mixture,False,0.62,contradiction_clear,"The paper describes the starting powders being “mixed in stoichiometric proportions” (Experimental section, Page 2), but it does not present a workflow/timeline step explicitly phrased as “Preparation","Mix reagent-grade Li2S, P2S5, and LiX powders in stoichiometric proportions to yield Li6PS5X (X=Cl, Br, I)."
Verified_Chang_et_al__-_2014_-_Rechargeable_LiBr_battery_a_promising_platform__reactions.json,Chang_et_al__-_2014_-_Rechargeable_LiBr_battery_a_promising_platform_,low,chemicals,chemicals[3],chem_4,Glass fiber mat,False,0.83,contradiction_clear,"The document explicitly mentions glass fiber mat (GFM) as part of the PVDF/GFM/PVDF sandwiched polymer membrane used to make the gel polymer electrolyte (Experimental section, Page 2). However, the te",Glass fiber mat (GFM) | Amount: Not specified in text
Verified_Chang_et_al__-_2014_-_Rechargeable_LiBr_battery_a_promising_platform__reactions.json,Chang_et_al__-_2014_-_Rechargeable_LiBr_battery_a_promising_platform_,low,chemicals,chemicals[5],chem_6,Ethylene carbonate,False,0.88,contradiction_clear,"The paper explicitly mentions ethylene carbonate as a solvent component of the LiClO4 solution used to prepare the gel polymer electrolyte (GPE): “1 mol L−1 LiClO4 solution in ethylene carbonate, diet",Ethylene carbonate | Amount: present in solvent mixture for 1 mol L−1 LiClO4 solution; volumetric ratio EC:DEC:DMC = 1:1:1 (absolute volume not specified).
Verified_Chang_et_al__-_2014_-_Rechargeable_LiBr_battery_a_promising_platform__reactions.json,Chang_et_al__-_2014_-_Rechargeable_LiBr_battery_a_promising_platform_,low,chemicals,chemicals[6],chem_7,Diethyl carbonate,False,0.93,contradiction_mixed,"The paper explicitly mentions diethyl carbonate as a solvent component in the gel polymer electrolyte: “1 mol L−1 LiClO4 solution in ethylene carbonate, diethyl carbonate and dimethyl carbonate (volum",Diethyl carbonate | Amount: present in electrolyte solvent mixture at volumetric ratio 1:1:1 with ethylene carbonate and dimethyl carbonate (in 1 mol L−1 LiClO4 solution used to make the GPE).
Verified_Chang_et_al__-_2014_-_Rechargeable_LiBr_battery_a_promising_platform__reactions.json,Chang_et_al__-_2014_-_Rechargeable_LiBr_battery_a_promising_platform_,low,chemicals,chemicals[7],chem_8,Dimethyl carbonate,False,0.74,contradiction_clear,"The paper explicitly mentions dimethyl carbonate as a solvent component in the gel polymer electrolyte: “LiClO4 solution in ethylene carbonate, diethyl carbonate and dimethyl carbonate (volumetric rat",Dimethyl carbonate | Amount: present in solvent mixture with ethylene carbonate and diethyl carbonate at a 1:1:1 volumetric ratio (absolute volume not specified)
Verified_Chang_et_al__-_2014_-_Rechargeable_LiBr_battery_a_promising_platform__reactions.json,Chang_et_al__-_2014_-_Rechargeable_LiBr_battery_a_promising_platform_,low,characterization,characterization[0],Cyclic Voltammetry,Cyclic Voltammetry,False,0.92,contradiction_mixed,"The cathodic peak potential value is explicitly stated in the text associated with Fig. 1a: at 0.1 mV s−1 the cathodic peak potential is 0.831 V vs SCE, so that part is supported. However, the extract","[{'metric':'cathodic peak potential','value':0.831,'unit':'V vs SCE'},{'metric':'diffusion coefficient','value':2.42e-2,'unit':'cm^2 s^-1','notes':'From Randles–Sevcik analysis (Fig. 1b); reported as "
Verified_Chang_et_al__-_2014_-_Rechargeable_LiBr_battery_a_promising_platform__reactions.json,Chang_et_al__-_2014_-_Rechargeable_LiBr_battery_a_promising_platform_,low,characterization,characterization[4],Ionic conductivity measurement,Ionic conductivity measurement,False,0.82,contradiction_clear,"Two of the three conductivities match the text values but their units are wrong. The paper states: (1) GPE ionic conductivity is about 0.2 mS cm−1 at room temperature, not mS cm−2 (Page 2, Experimenta","[{'metric':'GPE ionic conductivity','value':0.2,'unit':'mS cm^-1'},{'metric':'LISICON ionic conductivity','value':0.1,'unit':'mS cm^-1'},{'metric':'LiBr (7 M) conductivity','value':197.3,'unit':'mS cm"
Verified_Cherkashinin_et_al__-_2019_-_Performance_of_Li-Ion_Batteries_Contribution_of_E_reactions.json,Cherkashinin_et_al__-_2019_-_Performance_of_Li-Ion_Batteries_Contribution_of_E,low,targets,targets[5],target_6,NaCoO2 thin film,False,0.95,contradiction_clear,"The paper’s Experimental section explicitly mentions preparing **NaCoO2 thin film cathode materials** (“The NaCoO2 thin film cathode materials were prepared…”), but the extracted value is **NaCoO2** w","Not a single target formula is specified; the study investigates multiple cathode materials including LiCoO2, LiNiO2, Li(Ni,Co)O2, NaCoO2, LiFePO4, LiCoPO4, and LiNiPO4."
Verified_Cherkashinin_et_al__-_2019_-_Performance_of_Li-Ion_Batteries_Contribution_of_E_reactions.json,Cherkashinin_et_al__-_2019_-_Performance_of_Li-Ion_Batteries_Contribution_of_E,low,chemicals,chemicals[3],chem_4,LiO2,False,0.92,contradiction_clear,"The paper’s Experimental section explicitly mentions use of a “LiO2 target” during co-sputtering (“LiNiO2 and Li[Ni,Co]O2 were prepared by co-sputtering of LiNiO2 (Li[Ni,Co]O2) and LiO2 target materia",Chemical Identity: LiO2 (sputtering target material); Amount: not specified in text
Verified_Cherkashinin_et_al__-_2019_-_Performance_of_Li-Ion_Batteries_Contribution_of_E_reactions.json,Cherkashinin_et_al__-_2019_-_Performance_of_Li-Ion_Batteries_Contribution_of_E,low,analysis,analysis.methods[0],unknown,,False,0.78,contradiction_clear,"The paper explicitly describes and uses photoelectron spectroscopy methods (XPS/UPS; synchrotron-based photoemission) as the core analysis/measurement approach, but the extracted value for “Analysis M","Photoelectron spectroscopy / photoemission spectroscopy (XPS/UPS; synchrotron-based photoemission). Also mentions SEC (secondary electron cutoff) for work function, and operando/in-situ photoemission "
Verified_Duquesnoy_et_al__-_2020_-_Data-driven_assessment_of_electrode_calendering_pr_reactions.json,Duquesnoy_et_al__-_2020_-_Data-driven_assessment_of_electrode_calendering_pr,low,targets,targets[0],target_1,LiNi1/3Mn1/3Co1/3O2-based cathode electrode,False,0.72,contradiction_mixed,"The paper explicitly states the studied cathode chemistry is LiNi1/3Mn1/3Co1/3O2 (NMC) (e.g., Abstract and Introduction). However, the extracted value for “Target Formula” is blank/empty, which is not",LiNi1/3Mn1/3Co1/3O2
Verified_Duquesnoy_et_al__-_2020_-_Data-driven_assessment_of_electrode_calendering_pr_reactions.json,Duquesnoy_et_al__-_2020_-_Data-driven_assessment_of_electrode_calendering_pr,low,synthesis,synthesis.steps[4].operations[0],dry,,False,0.88,contradiction_clear,"The paper describes multiple manufacturing steps (mixing, coating, drying in an oven at 80/95 °C, and calendering). However, it does not use the term “dry” as a named/standalone synthesis operation, n","If the field is intended to capture a process step, the text supports: ""dried in a built-in two-parts oven at 80 and 95 °C"" (electrode drying step). If the field must be a single-word operation, ""drie"
Verified_Duquesnoy_et_al__-_2020_-_Data-driven_assessment_of_electrode_calendering_pr_reactions.json,Duquesnoy_et_al__-_2020_-_Data-driven_assessment_of_electrode_calendering_pr,low,synthesis,synthesis.steps[4].operations[1],dry,,False,0.88,contradiction_clear,"Across the full provided paper text, electrode processing steps include “dried” in an oven and then “calendered,” but there is no synthesis-step/operation explicitly labeled as “Synthesis Operation: d","If the field is meant to capture an operation mentioned in the procedure, use “dried” (electrodes were dried in an oven at 80 and 95 °C). Otherwise, if the schema requires an explicit ‘Synthesis Opera"
Verified_Duquesnoy_et_al__-_2020_-_Data-driven_assessment_of_electrode_calendering_pr_reactions.json,Duquesnoy_et_al__-_2020_-_Data-driven_assessment_of_electrode_calendering_pr,low,synthesis,synthesis.steps[5].operations[0],calender,,False,0.72,contradiction_clear,"The paper repeatedly refers to the manufacturing step as “calendering” and uses the noun “calender” (e.g., “prototype-grade lap press calendar”), but it does not use the verb/noun “calender” as a stan",calendering
Verified_Ji_et_al__-_2019_-_Lithium_intercalation_into_bilayer_graphene_reactions.json,Ji_et_al__-_2019_-_Lithium_intercalation_into_bilayer_graphene,low,targets,targets[0],target_1,bilayer graphene foam,False,0.95,contradiction_clear,"The “Extracted Value” for Target Formula is blank, but the paper explicitly provides target/stoichiometric formulas for lithium-intercalated graphene/graphite compounds (e.g., LiC6, LiC12, Li2C6, Li3C","If the intended target formula is the fully intercalated product for bilayer graphene, use LiC12 (stoichiometric limit for bilayer graphene capacity) and/or the phase notation C6LiC6 (PI phase, ARA-st"
Verified_Ji_et_al__-_2019_-_Lithium_intercalation_into_bilayer_graphene_reactions.json,Ji_et_al__-_2019_-_Lithium_intercalation_into_bilayer_graphene,low,chemicals,chemicals[8],chem_9,Carbon dioxide,False,0.9,contradiction_clear,"The paper explicitly mentions carbon dioxide in the Methods as part of the “supercritical CO2 drying process” used during sample preparation. However, the extracted amount is not supported as “Not spe",Carbon dioxide | Amount: Used for supercritical CO2 drying (no explicit quantity/flow/pressure specified).
Verified_Ji_et_al__-_2019_-_Lithium_intercalation_into_bilayer_graphene_reactions.json,Ji_et_al__-_2019_-_Lithium_intercalation_into_bilayer_graphene,low,chemicals,chemicals[12],chem_13,Dimethyl carbonate,False,0.9,contradiction_clear,"The paper explicitly mentions dimethyl carbonate (DMC) as part of the electrolyte (e.g., “LiPF6 in ethylene carbonate/dimethyl carbonate” and “1 M in ethylene carbonate (EC)/dimethyl carbonate (DMC) (",Dimethyl carbonate (DMC) | Amount: present in electrolyte as EC:DMC = 1:1 (vol/vol); absolute quantity not specified
Verified_Ji_et_al__-_2019_-_Lithium_intercalation_into_bilayer_graphene_reactions.json,Ji_et_al__-_2019_-_Lithium_intercalation_into_bilayer_graphene,low,synthesis,synthesis.steps[1].operations[0],heat,,False,0.72,contradiction_clear,"The Methods and synthesis description discuss a high-temperature-switched CVD process (heating to specific temperatures like 700 °C and cooling), but the document does not explicitly list a discrete s","Use a more specific operation explicitly described, e.g., ""chemical vapor deposition (CVD) with high-temperature ramping (to ≥700 °C) and rapid cooling"" or list operations such as ""reduce (H2/Ar pre-t"
Verified_Ji_et_al__-_2019_-_Lithium_intercalation_into_bilayer_graphene_reactions.json,Ji_et_al__-_2019_-_Lithium_intercalation_into_bilayer_graphene,low,workflow,workflow.timeline[5],unknown,Supercritical CO2 drying to obtain freestanding foam,False,0.86,contradiction_clear,"The paper explicitly mentions “supercritical drying” / “supercritical CO2 drying process” as part of sample preparation (Fig. 1a; Pages 3 and 8), and it notes the foam is “freestanding.” However, it d",Supercritical (CO2) drying was used after Ni removal/washing to prevent collapse of the 3D porous structure (avoid graphene restacking) and preserve the freestanding bilayer graphene foam morphology.
Verified_Kim_et_al__-_2014_-_Novel_transition-metal-free_cathode_for_high_energ_reactions.json,Kim_et_al__-_2014_-_Novel_transition-metal-free_cathode_for_high_energ,low,chemicals,chemicals[10],chem_11,propylene carbonate,False,0.78,contradiction_clear,"The paper explicitly states the electrolyte composition as “1 M NaBF4 or NaClO4 in propylene carbonate (PC, Sigma-Aldrich)” in the Electrochemical characterization section. Therefore, the chemical ide",propylene carbonate (PC) used as solvent; electrolyte: 1 M NaBF4 or 1 M NaClO4 in propylene carbonate (PC).
Verified_Kim_et_al__-_2014_-_Novel_transition-metal-free_cathode_for_high_energ_reactions.json,Kim_et_al__-_2014_-_Novel_transition-metal-free_cathode_for_high_energ,low,synthesis,synthesis.steps[2].operations[0],add,,False,0.55,contradiction_clear,"The paper describes several synthesis actions (e.g., KMnO4 was added; DI water and H2O2 were slowly added; slurry pasted onto Al foil), but the extracted value is just the generic operation ""add"" with","Use a specific operation phrase tied to the procedure, e.g., ""KMnO4 (30 g) was added"" or ""Deionized water (500 mL) and H2O2 (30 mL, 35%) were slowly added"" (Experimental section, Fabrication of graphi"
Verified_Li_et_al__-_2024_-_Constructing_static_two-electron_lithium-bromide_b_reactions.json,Li_et_al__-_2024_-_Constructing_static_two-electron_lithium-bromide_b,low,targets,targets[1],target_2,Cl⁻-saturated electrolyte (CLE2),False,0.76,contradiction_clear,"The paper’s “Fabrication of Cl-saturated electrolyte” section specifies the electrolyte composition and LiCl concentration (e.g., 1.0 M LiTFSI in DME:DOL=1:1 with 2% LiNO3; LiCl ~0.04 M) and names the","If the intended target is the CLE2 electrolyte formulation, extract explicitly as: CLE2 = 1.0 M LiTFSI in DME:DOL (1:1 vol%) + 2% LiNO3 + LiCl (Cl−-saturated; ~0.04 M LiCl in the supernatant)."
Verified_Li_et_al__-_2024_-_Constructing_static_two-electron_lithium-bromide_b_reactions.json,Li_et_al__-_2024_-_Constructing_static_two-electron_lithium-bromide_b,low,chemicals,chemicals[5],chem_6,"1,2-Dimethoxyethane",False,0.94,contradiction_clear,"The paper explicitly states that the electrolyte is based on dimethoxyethane (DME) and 1,3-dioxolane (DOL) (e.g., “1.0 M LiTFSI in dimethoxyethane (DME) + 1,3-dioxolane (DOL) = 1:1 volume % …” and lat","1,2-Dimethoxyethane (DME) | Amount: present as solvent in electrolyte at DME:DOL = 1:1 (v/v) (with 1.0 M LiTFSI in the solvent mixture; LiNO3 at 0–2% depending on E0/E1/E2; and LiCl in Cl-saturated el"
Verified_Li_et_al__-_2024_-_Constructing_static_two-electron_lithium-bromide_b_reactions.json,Li_et_al__-_2024_-_Constructing_static_two-electron_lithium-bromide_b,low,chemicals,chemicals[9],chem_10,Argon,False,0.78,contradiction_clear,"Argon (Ar) is indeed mentioned in the paper (e.g., “Ar-filled glovebox” for electrolyte preparation and multiple tests; also TGA in Ar atmosphere). However, the field/extracted value is “Argon | Amoun",If the intent is atmosphere/handling conditions: “Argon (Ar) atmosphere: Ar-filled glovebox (no amount specified).” If the intent is electrolyte composition: remove Argon; list LiCl (~0.04 M) and the 
Verified_Li_et_al__-_2024_-_Constructing_static_two-electron_lithium-bromide_b_reactions.json,Li_et_al__-_2024_-_Constructing_static_two-electron_lithium-bromide_b,low,synthesis,synthesis.steps[1].operations[0],add,,False,0.9,contradiction_clear,The paper text does not specify a singular “Synthesis Operation” as “add.” While the Methods section contains phrases like “LiCl powders were slowly added…” and “introducing saturated Cl− anions… in t,"If the field is meant to capture an operation verb from the synthesis procedure, a supported phrasing would be: “slowly added (LiCl powders to electrolyte)” or “mix (active material, binder, carbon bl"
Verified_Li_et_al__-_2024_-_Constructing_static_two-electron_lithium-bromide_b_reactions.json,Li_et_al__-_2024_-_Constructing_static_two-electron_lithium-bromide_b,low,characterization,characterization[1],TGA,TGA,False,0.82,contradiction_clear,"The paper’s TGA statement says: “TBABr3 was capable of maintaining its weight up to 200°C” (Page 2). 200°C corresponds to ~473 K, but the text does not explicitly report 473 K. Since the extracted val","Report the thermal stability temperature as 200 °C (explicitly stated), or if Kelvin is required, note it as ~473 K converted from 200 °C."
Verified_Liu_et_al__-_2021_-_In_situ_formation_of_a_Li_3_N-ri_reactions.json,Liu_et_al__-_2021_-_In_situ_formation_of_a_Li_3_N-ri,low,synthesis,synthesis.steps[3].conditions,unknown,,False,0.86,contradiction_clear,"The paper does mention 298 K, but only as the lower bound of the temperature range used for temperature-dependent ionic conductivity measurements (“between 298 K and 338 K”). The synthesis/heat-treatm",823 K (heated at 823 K for 5 h to yield the final argyrodite product)
Verified_Luo_et_al__-_2022_-_Nickel-rich_and_cobalt-free_layered_oxide_cathode__reactions.json,Luo_et_al__-_2022_-_Nickel-rich_and_cobalt-free_layered_oxide_cathode_,low,targets,targets[1],target_2,LiNi0.975Ti0.025O2,False,0.98,contradiction_clear,"The full text explicitly mentions the target composition as LiNi0.975Ti0.025O2 (e.g., in the Solid-state synthesis section discussing Kim et al. [75] and later in the molten salt section). It does not",
Verified_Luo_et_al__-_A_chemically_stabilized_sulfur_cathode_for_lean_el_reactions.json,Luo_et_al__-_A_chemically_stabilized_sulfur_cathode_for_lean_el,low,chemicals,chemicals[6],chem_7,"1,1,2,2-Tetrafluoroethyl-2′,2′,2′-trifluoroethyl ether (HFE)",False,0.74,contradiction_mixed,"The chemical identity is explicitly mentioned in the electrolyte composition as “1,1,2,2-tetrafluoroethyl-2′,2′,2′-trifluoroethyl ether [HFE]”. However, the extracted value claims the amount is “Not s","1,1,2,2-Tetrafluoroethyl-2′,2′,2′-trifluoroethyl ether (HFE) | Amount: present in electrolyte at FEC:FEMC:HFE = 2:6:2 by weight (i.e., HFE = 2 parts by weight; 20 wt% of the solvent mixture)."
Verified_Luo_et_al__-_A_chemically_stabilized_sulfur_cathode_for_lean_el_reactions.json,Luo_et_al__-_A_chemically_stabilized_sulfur_cathode_for_lean_el,low,synthesis,synthesis.steps[2].operations[0],heat,,False,0.83,contradiction_clear,The paper’s synthesis procedure is described as sealing the sulfur/PTCDA/PAN mixture in a vacuum glass tube and **annealing at 600 °C for 3 h** (followed by cooling). The term “heat” is not explicitly,anneal (carbonize) the sealed mixture at 600 °C for 3 h (then cool to room temperature)
Verified_Luo_et_al__-_A_chemically_stabilized_sulfur_cathode_for_lean_el_reactions.json,Luo_et_al__-_A_chemically_stabilized_sulfur_cathode_for_lean_el,low,synthesis,synthesis.steps[2].operations[1],cool,,False,0.82,contradiction_clear,"The paper’s synthesis procedure (Materials and Methods: “Synthesis of C/S Composites”) describes mixing precursors, sealing in a vacuum glass tube, annealing at 600 °C for 3 h, and then “cooled to roo",cooled to room temperature in 24 h
Verified_Luo_et_al__-_A_chemically_stabilized_sulfur_cathode_for_lean_el_reactions.json,Luo_et_al__-_A_chemically_stabilized_sulfur_cathode_for_lean_el,low,analysis,analysis.methods[0],unknown,,False,0.6,contradiction_clear,"The paper explicitly lists multiple analysis/characterization methods (e.g., XRD, Raman, FTIR, XPS, SEM, TEM, TG, PDF, CV, EIS, GITT) in the Results and Materials and Methods sections. However, the ex","Populate “Analysis Method” with the methods stated in the text, e.g., XRD; Raman spectroscopy; FTIR; XPS; SEM; TEM; thermogravimetric (TG) analysis; pair distribution function (PDF) experiments; cycli"
Verified_Ma_and_Xu_-_2022_-_Enhanced_critical_current_density_of_Garnet_Li7La3_reactions.json,Ma_and_Xu_-_2022_-_Enhanced_critical_current_density_of_Garnet_Li7La3,low,targets,targets[1],target_2,0.15LiBr–LLZO pellet,False,0.93,contradiction_clear,"The paper explicitly identifies the garnet electrolyte as cubic Li7La3Zr2O12 (LLZO) and discusses LiBr-added variants (xLiBr–LLZO). However, the extracted value for “Target Formula” is blank, and no b","Li7La3Zr2O12 (LLZO) (for the base garnet). If the target is the optimized LiBr-added electrolyte, use 0.15LiBr–LLZO; if a concrete measured formula is required, use 0.136LiBr–Li6.88La2.92Zr1.97O12 (IC"
Verified_Ma_and_Xu_-_2022_-_Enhanced_critical_current_density_of_Garnet_Li7La3_reactions.json,Ma_and_Xu_-_2022_-_Enhanced_critical_current_density_of_Garnet_Li7La3,low,chemicals,chemicals[3],chem_4,Aluminium oxide,False,0.96,contradiction_clear,"The Experimental section explicitly lists Al2O3 (aluminum oxide) as a starting material: “LiOH·H2O…, La2O3…, ZrO2…, Al2O3…, and anhydrous LiBr… were used as the starting materials.” Therefore, the che",Aluminium oxide (Al2O3) | Amount: stoichiometric amount used as starting material (no explicit numeric quantity given).
Verified_Ma_and_Xu_-_2022_-_Enhanced_critical_current_density_of_Garnet_Li7La3_reactions.json,Ma_and_Xu_-_2022_-_Enhanced_critical_current_density_of_Garnet_Li7La3,low,chemicals,chemicals[7],chem_8,Gold,False,0.92,contradiction_mixed,The paper explicitly mentions gold (Au) as an ultrathin layer deposited on both sides of the x LiBr–LLZO pellets by magnetron sputtering (“an ultrathin layer of gold (Au) was deposited… under ∼40 mA f,Gold (Au) ultrathin layer deposited on both sides of x LiBr–LLZO pellets by magnetron sputtering at ~40 mA for 5 min (thickness not specified).
Verified_Ma_and_Xu_-_2022_-_Enhanced_critical_current_density_of_Garnet_Li7La3_reactions.json,Ma_and_Xu_-_2022_-_Enhanced_critical_current_density_of_Garnet_Li7La3,low,chemicals,chemicals[11],chem_12,Dimethyl carbonate,False,0.92,contradiction_clear,The paper explicitly mentions dimethyl carbonate as part of the liquid electrolyte composition used to wet the cathode/electrolyte interface: “25 μL (1 M LiPF6 dissolved in ethyl carbonate and dimethy,Dimethyl carbonate (DMC) | Amount: present in 25 μL liquid electrolyte (1 M LiPF6 in ethyl carbonate:DMC = 1:1 v/v)
Verified_Ma_and_Xu_-_2022_-_Enhanced_critical_current_density_of_Garnet_Li7La3_reactions.json,Ma_and_Xu_-_2022_-_Enhanced_critical_current_density_of_Garnet_Li7La3,low,workflow,workflow.timeline[2],unknown,Pellet formation and sintering to dense electrolyte,False,0.78,contradiction_clear,"The paper does describe pressing powders into pellets and sintering at 1160 °C for 4 h to obtain dense LLZO-based electrolytes (Experimental section 2.1), but the extracted phrase “Pellet formation an","If the field must reflect an explicit step from the text, use: “x LiBr–LLZO powders were pressed into pellets and sintered at 1160 °C for 4 h.”"
Verified_Marchiori_et_al__-_2020_-_Understanding_the_Electrochemical_Stability_Window_reactions.json,Marchiori_et_al__-_2020_-_Understanding_the_Electrochemical_Stability_Window,low,chemicals,chemicals[3],chem_4,Polyacrylonitrile,False,0.86,contradiction_clear,"The paper explicitly mentions polyacrylonitrile (PAN) as one of the polymer host materials studied (e.g., listed among polymers investigated on Page 2 and discussed in Results on Page 4). However, the","Polyacrylonitrile (PAN) | Amount/size in model: oligomer of 5 monomer units (five-monomer oligomer, ethyl end-capped)."
Verified_Marchiori_et_al__-_2020_-_Understanding_the_Electrochemical_Stability_Window_reactions.json,Marchiori_et_al__-_2020_-_Understanding_the_Electrochemical_Stability_Window,low,chemicals,chemicals[10],chem_11,Butyl ethanoate,False,0.62,contradiction_clear,"The paper explicitly mentions the chemical identity “butyl ethanoate” (as the chosen solvent) and even gives its dielectric constant (ε = 4.99). However, no explicit “amount” is provided, and the extr",Butyl ethanoate (used as solvent; ε = 4.99); Amount: not specified.
Verified_Nguyen_et_al__-_2021_-_Polypeptide_organic_radical_batteries_reactions.json,Nguyen_et_al__-_2021_-_Polypeptide_organic_radical_batteries,low,chemicals,chemicals[5],chem_6,n-Hexylamine,False,0.78,contradiction_clear,"The document explicitly includes n-hexylamine in the synthetic scheme (Fig. 2b) and in the Methods reagent list, but it does not give a specific quantity (mass, volume, mmol, concentration, equivalent",n-hexylamine | Amount: Not specified in text (identity appears in Fig. 2b; amount not provided anywhere in the paper text)
Verified_Nguyen_et_al__-_2021_-_Polypeptide_organic_radical_batteries_reactions.json,Nguyen_et_al__-_2021_-_Polypeptide_organic_radical_batteries,low,chemicals,chemicals[7],chem_8,Sodium iodide (NaI),False,0.55,contradiction_clear,"The paper text explicitly mentions sodium iodide (NaI) as a reagent used in the synthetic scheme (Fig. 2b) and in the Methods “Reagents” list, but it also provides reaction conditions/yield rather tha","Set is_supported=True. Provenance can be expanded to include Fig. 2b and Methods (Reagents), and keep amount as 'Not specified in text' (no mass/moles/concentration given for NaI)."
Verified_Nguyen_et_al__-_2021_-_Polypeptide_organic_radical_batteries_reactions.json,Nguyen_et_al__-_2021_-_Polypeptide_organic_radical_batteries,low,chemicals,chemicals[8],chem_9,Acetone,False,0.88,contradiction_clear,"The paper explicitly mentions acetone as a solvent in the Finkelstein reaction step shown in Fig. 2b: “NaI, acetone, Reflux, 3 d”. Therefore acetone is specified in the text/figure. However, the amoun","Acetone | Amount: Not specified in provided text (acetone is listed as solvent in Fig. 2b: NaI, acetone, reflux, 3 d)"
Verified_Nguyen_et_al__-_2021_-_Polypeptide_organic_radical_batteries_reactions.json,Nguyen_et_al__-_2021_-_Polypeptide_organic_radical_batteries,low,chemicals,chemicals[10],chem_11,"4,4′-Bipyridine",False,0.95,contradiction_clear,"The paper explicitly identifies 4,4′-bipyridine as the precursor used to prepare 1-methyl-[4,4′]bipyridylium iodide (MBPI) (“prepared via methylation of 4,4′-bipyridine (Fig. 2b)”). Therefore, the che","4,4′-Bipyridine (listed as 4,4′-dipyridine in Methods; used to prepare MBPI via methylation). Amount used for 4,4′-bipyridine: not specified in the paper."
Verified_Nguyen_et_al__-_2021_-_Polypeptide_organic_radical_batteries_reactions.json,Nguyen_et_al__-_2021_-_Polypeptide_organic_radical_batteries,low,workflow,workflow.timeline[3],unknown,Finkelstein exchange to iodide.,False,0.93,contradiction_clear,"The paper describes a Finkelstein reaction that replaces chlorine with iodine (to obtain an iodo-containing polypeptide) before installing the viologen, i.e., exchange *to iodide/iodine* is supported.",Activation step: replace chlorine atoms with iodine via Finkelstein reaction to obtain iodo-containing polypeptide (PIHLG50) prior to viologen installation.
Verified_Park_et_al__-_2022_-_Introducing_high-valence_elements_into_cobalt-free_reactions.json,Park_et_al__-_2022_-_Introducing_high-valence_elements_into_cobalt-free,low,targets,targets[0],target_1,Li(Ni0.9Mn0.1)O2,False,0.93,contradiction_clear,"The extracted value for “Target Formula” is blank, but the paper explicitly states multiple target/cathode formulas throughout the text, especially in the Abstract and Methods (for example, Li(Ni0.9Mn",If the intended target is the main material studied: Li(Ni0.89Mn0.1Mo0.01)O2 (Mo–NM90). If the intended undoped baseline target: Li(Ni0.9Mn0.1)O2 (NM90).
Verified_Park_et_al__-_2022_-_Introducing_high-valence_elements_into_cobalt-free_reactions.json,Park_et_al__-_2022_-_Introducing_high-valence_elements_into_cobalt-free,low,chemicals,chemicals[0],chem_1,NiSO4·6H2O,False,0.92,contradiction_mixed,"The Methods section explicitly specifies the amount/concentration of NiSO4·6H2O used: it states an aqueous solution of ""2.0 M NiSO4·6H2O"" was used as starting material. Therefore the extracted claim t",NiSO4·6H2O | Amount: 2.0 M (aqueous solution concentration)
Verified_Park_et_al__-_2022_-_Introducing_high-valence_elements_into_cobalt-free_reactions.json,Park_et_al__-_2022_-_Introducing_high-valence_elements_into_cobalt-free,low,chemicals,chemicals[7],chem_8,Co2O3,False,0.9,contradiction_mixed,"The paper explicitly mentions Co2O3 in the Methods as a dopant source, but it also specifies the amount: doped cathodes use x = 0.01 in a Li:(Ni+Mn):X molar ratio of 1.01:1−x:x, i.e., 1 mol% dopant. T","Co2O3 used as dopant precursor at x = 0.01 (1 mol% Co) in Li:(Ni+Mn):X = 1.01:1−x:x mixture (Methods, synthesis section)."
Verified_Park_et_al__-_2022_-_Introducing_high-valence_elements_into_cobalt-free_reactions.json,Park_et_al__-_2022_-_Introducing_high-valence_elements_into_cobalt-free,low,chemicals,chemicals[8],chem_9,Al(OH)3·3H2O,False,0.86,contradiction_clear,"In the Methods section, Al(OH)3·3H2O is explicitly listed as a dopant source: the precursor was mixed with LiOH·H2O and (for doped cathodes) “Co2O3, Al(OH)3·3H2O, TiO2, Nb2O5, Ta2O5, WO3 or MoO3 … to ","Al(OH)3·3H2O | Amount: dopant fraction x=0.01 (target 1 mol% Al), with Li:(Ni+Mn):Al molar ratio 1.01:0.99:0.01 for Al–NM90 powder mixture."
Verified_Park_et_al__-_2022_-_Introducing_high-valence_elements_into_cobalt-free_reactions.json,Park_et_al__-_2022_-_Introducing_high-valence_elements_into_cobalt-free,low,chemicals,chemicals[12],chem_13,WO3,False,0.93,contradiction_mixed,"WO3 is explicitly mentioned in the Methods as a dopant precursor (“...Co2O3, Al(OH)3·3H2O, TiO2, Nb2O5, Ta2O5, WO3 or MoO3...”) and the dopant level is explicitly given as x = 0.01 (1 mol%) for doped ",WO3 | Amount: used as W dopant precursor at x = 0.01 (1 mol%) in Li(Ni0.89Mn0.1W0.01)O2 synthesis (Li:(Ni+Mn):X = 1.01:1−x:x; x=0.01).
Verified_Park_et_al__-_2022_-_Introducing_high-valence_elements_into_cobalt-free_reactions.json,Park_et_al__-_2022_-_Introducing_high-valence_elements_into_cobalt-free,low,workflow,workflow.timeline[2],unknown,Calcination at 770 °C under O2 to yield final Li(Ni0.9Mn0.1Xx)O2 cathode material,False,0.83,contradiction_clear,"The paper does state that the powder mixtures were calcined at 770 C under an O2 atmosphere (Methods, Page 8). However, the extracted value adds details not stated: it claims this calcination step yie","Powder mixtures were calcined in a tube furnace at 770  C under an O2 atmosphere (heating/cooling rate: 2  C min91) to prepare NM90 and doped cathodes (e.g., Li(Ni0.9Mn0.1)O2 and Li(Ni0.89Mn0.1X0.01)"
Verified_Ren_et_al__-_2015_-_Direct_observation_of_lithium_dendrites_inside_gar_reactions.json,Ren_et_al__-_2015_-_Direct_observation_of_lithium_dendrites_inside_gar,low,chemicals,chemicals[2],chem_3,Zirconium dioxide,False,0.9,contradiction_clear,"In the Experimental section, zirconium dioxide is explicitly listed as a starting raw material: “stoichiometric amounts of LiOH·H2O (with 10 wt.% excess), La2O3, ZrO2, and Ta2O5 were mixed together…”.",Zirconium dioxide (ZrO2) | Amount: stoichiometric amount (as a raw material for Li6.75La3Zr1.75Ta0.25O12; Zr stoichiometry corresponds to 1.75 per formula unit of LLZTO; no gram/mass amount reported).
Verified_Ren_et_al__-_2015_-_Direct_observation_of_lithium_dendrites_inside_gar_reactions.json,Ren_et_al__-_2015_-_Direct_observation_of_lithium_dendrites_inside_gar,low,chemicals,chemicals[8],chem_9,Gold,False,0.83,contradiction_clear,"The paper describes Au/LLZTO/Au cells (gold electrodes) and Li/LLZTO/Li cells, but it does not provide any amount (mass, thickness, loading, concentration, etc.) of gold used. It also does not explici",Chemical identity: Au (gold) electrode material; Amount: not specified in text.
Verified_Ren_et_al__-_2015_-_Direct_observation_of_lithium_dendrites_inside_gar_reactions.json,Ren_et_al__-_2015_-_Direct_observation_of_lithium_dendrites_inside_gar,low,workflow,workflow.timeline[3],unknown,Pressing into green pellets,False,0.83,contradiction_clear,"The paper describes pellet fabrication as: ""The powder was then pressed into pellets and sintered..."" and later mentions ""pores originated from the green body"". However, it never explicitly uses the w",Pressed the powder into pellets (green bodies) and then sintered at 1050–1150 °C.
Verified_Ren_et_al__-_2015_-_Direct_observation_of_lithium_dendrites_inside_gar_reactions.json,Ren_et_al__-_2015_-_Direct_observation_of_lithium_dendrites_inside_gar,low,characterization,characterization[3],Electrochemical Impedance Spectroscopy,Electrochemical Impedance Spectroscopy,False,0.93,contradiction_clear,The paper explicitly reports Electrochemical Impedance Spectroscopy (EIS) measurements: impedance profiles of Au/LLZTO/Au cells (Agilent 4294A) and EIS of Li/LLZTO/Li cells (1 Hz–8 MHz) using a Zahner,"Indicate that Electrochemical Impedance Spectroscopy was performed (e.g., ""EIS measured (Au/LLZTO/Au: 100 Hz–110 MHz with Agilent 4294A; Li/LLZTO/Li: 1 Hz–8 MHz with Zahner IM6)"")."
Verified_Senevirathne_et_al__-_2013_-_A_new_crystalline_LiPON_electrolyte_Synthesis__pr_reactions.json,Senevirathne_et_al__-_2013_-_A_new_crystalline_LiPON_electrolyte_Synthesis__pr,low,targets,targets[1],target_2,Li4P2O7,False,0.95,contradiction_clear,The paper’s primary target compound is SD-Li2PO2N. Li4P2O7 appears only as an oxidation/decomposition product formed above ~600–700 °C in air (Section 3.4: reaction shown and XRD identification). Ther,Li2PO2N (SD-Li2PO2N)
Verified_Sha_et_al__-_2013_-_Solid_lithium_electrolyte-Li4Ti5O12_composites_as__reactions.json,Sha_et_al__-_2013_-_Solid_lithium_electrolyte-Li4Ti5O12_composites_as_,low,targets,targets[0],target_1,La-incorporated Li4Ti5O12 composite,False,0.92,contradiction_clear,"The field “Target Formula” is blank in the extracted value, but the paper explicitly names the target/anode material as Li4Ti5O12 (lithium titanate) and specifically discusses La-incorporated Li4Ti5O1",Li4Ti5O12 (for pristine target); for the composite/La-incorporated samples: La-incorporated Li4Ti5O12 / lithium lanthanum titanate–Li4Ti5O12 composite.
Verified_Sha_et_al__-_2013_-_Solid_lithium_electrolyte-Li4Ti5O12_composites_as__reactions.json,Sha_et_al__-_2013_-_Solid_lithium_electrolyte-Li4Ti5O12_composites_as_,low,chemicals,chemicals[0],chem_1,Lithium nitrate,False,0.9,contradiction_clear,"The paper explicitly states the lithium nitrate amount used in the typical combustion synthesis: “we took ... 0.043 mol LiNO3” (Experimental section, Material preparation, page 2). 0.043 mol equals 43","Provenance should cite Experimental section 2.1 (Material preparation, page 2): “0.043 mol LiNO3” (i.e., 43 mmol)."
Verified_Sha_et_al__-_2013_-_Solid_lithium_electrolyte-Li4Ti5O12_composites_as__reactions.json,Sha_et_al__-_2013_-_Solid_lithium_electrolyte-Li4Ti5O12_composites_as_,low,chemicals,chemicals[2],chem_3,Tetrabutyl titanate,False,0.95,contradiction_clear,"In the Experimental section (2.1 Material preparation), the paper specifies: “for one single combustion synthesis, we took 0.050 mol Ti(C4H9O)4” (tetrabutyl titanate). 0.050 mol equals 50 mmol, but th",Tetrabutyl titanate (Ti(C4H9O)4) | Amount: 0.050 mol
Verified_Sha_et_al__-_2013_-_Solid_lithium_electrolyte-Li4Ti5O12_composites_as__reactions.json,Sha_et_al__-_2013_-_Solid_lithium_electrolyte-Li4Ti5O12_composites_as_,low,synthesis,synthesis.steps[3].operations[0],add,,False,0.83,contradiction_clear,"The paper describes multiple synthesis steps using verbs such as “slowly dropped”, “introduced”, and explicitly “added slowly into the solution in sequence” (LiNO3, La(NO3)3·6H2O and glycine), but it ","If the field allows a more specific operation, use: “add slowly into the solution in sequence (LiNO3, La(NO3)3·6H2O, and glycine)” or “dropwise addition of de-ionized water into Ti(C4H9O)4; then add/i"
Verified_Sha_et_al__-_2013_-_Solid_lithium_electrolyte-Li4Ti5O12_composites_as__reactions.json,Sha_et_al__-_2013_-_Solid_lithium_electrolyte-Li4Ti5O12_composites_as_,low,synthesis,synthesis.steps[5].operations[0],dry,,False,0.84,contradiction_clear,The paper describes several heating steps and explicitly uses the word “drying” only in phrases like “After drying at around 80 °C” (solid precursor) and “Disk-shape pieces…were dried in a vacuum at 1,"If the field expects an operation, use the explicit phrases from the text, e.g., “drying at ~80 °C” (precursor) and/or “vacuum drying at 100 °C for 12 h” (electrode). If it must be a single-word categ"
Verified_Shin_et_al__-_2015_-_Synergistic_multi-doping_effects_on_the_Li7La3Zr2O_reactions.json,Shin_et_al__-_2015_-_Synergistic_multi-doping_effects_on_the_Li7La3Zr2O,low,workflow,workflow.timeline[1],unknown,Drying of milled slurry,False,0.93,contradiction_clear,"The Methods section describes mixing by planetary ball-milling in isopropyl alcohol, then ""After drying the mixture, the collected powder was calcined..."" However, the phrase ""Drying of milled slurry""",After drying the mixture (following planetary ball-milling in isopropyl alcohol for 10 h)
Verified_Su_et_al__-_2024_-_A_scalable_Li-Al-Cl_stratified_structure_for_stabl_reactions.json,Su_et_al__-_2024_-_A_scalable_Li-Al-Cl_stratified_structure_for_stabl,low,chemicals,chemicals[0],chem_1,Lithium,False,0.83,contradiction_clear,"The paper clearly identifies the presence/use of lithium (Li metal/foil) throughout (e.g., “Lithium (Li) foil (99.95%...)” in Methods; Li in Eq. (1) and figures discussing Li metal). However, the extr",Lithium (Li) foil/metal is used; amounts are specified in places such as: 100 μm-thick bare Li (full cells) and 60 μm-thick LACSS; also LPSC pellets use 150 mg LPSC and full-cell electrolyte uses 120 
Verified_Su_et_al__-_2024_-_A_scalable_Li-Al-Cl_stratified_structure_for_stabl_reactions.json,Su_et_al__-_2024_-_A_scalable_Li-Al-Cl_stratified_structure_for_stabl,low,chemicals,chemicals[5],chem_6,Phosphorus pentasulfide,False,0.93,contradiction_mixed,"The paper does not mention using phosphorus pentasulfide (P2S5) in the main-text Methods or elsewhere as a standalone reagent for any synthesis except as part of preparing the LPSC electrolyte, where ",P2S5 (phosphorus pentasulfide); Amount: stoichiometric (no numerical amount given).
Verified_Sun_et_al__-_2018_-_Towards_a_reliable_Li-metal-free_LiNO_3_reactions.json,Sun_et_al__-_2018_-_Towards_a_reliable_Li-metal-free_LiNO_3,low,targets,targets[0],target_1,hydrothermal carbon@carbon cloth (HTC–CC),False,0.92,contradiction_clear,"The field “Target Formula” is blank in the extracted value, but the paper explicitly names multiple relevant chemical formulas in the cited section “Hydrothermal surface coating of carbon cloth”, most","Clarify what “Target Formula” refers to. If it is the coating product, use “hydrothermal carbon@carbon cloth (HTC–CC)” (no explicit molecular formula given). If it is the precursor, list “D-glucose” ("
Verified_Sun_et_al__-_2018_-_Towards_a_reliable_Li-metal-free_LiNO_3_reactions.json,Sun_et_al__-_2018_-_Towards_a_reliable_Li-metal-free_LiNO_3,low,chemicals,chemicals[2],chem_3,deionized water,False,0.85,contradiction_clear,The paper explicitly mentions “deionized water” in the Hydrothermal surface coating of carbon cloth procedure (washing steps: “deionized water 2 times” and later “washed with deionized water 5 times”),"deionized water | Amount: washing only (no volume given for DI-water wash steps); additionally, “50 mL water” is used in the hydrothermal mixture (water type not specified as deionized)."
Verified_Sun_et_al__-_2018_-_Towards_a_reliable_Li-metal-free_LiNO_3_reactions.json,Sun_et_al__-_2018_-_Towards_a_reliable_Li-metal-free_LiNO_3,low,chemicals,chemicals[7],chem_8,aluminium foil,False,0.88,contradiction_clear,"The paper explicitly states that coin cells were assembled with “aluminium foil (15 mm) as a cathode” in the Preparation of the Al–Li alloy section. Therefore, aluminium foil is supported as a chemica",aluminium foil | Amount: 15 mm (as cathode foil size in Al–Li alloy preparation)
Verified_Sun_et_al__-_2018_-_Towards_a_reliable_Li-metal-free_LiNO_3_reactions.json,Sun_et_al__-_2018_-_Towards_a_reliable_Li-metal-free_LiNO_3,low,chemicals,chemicals[9],chem_10,ethylene carbonate,False,0.8,contradiction_clear,"The paper explicitly mentions ethylene carbonate (EC) as a solvent component in the electrolyte used for Al–Li alloy preparation: “1 M LiPF6 in ethylene carbonate/ethyl methyl carbonate (EC/EMC, v/v =",ethylene carbonate (EC) | Amount: present in electrolyte as EC/EMC (v/v = 1:1) (with 1 M LiPF6 in the solvent mixture)
Verified_Sun_et_al__-_2018_-_Towards_a_reliable_Li-metal-free_LiNO_3_reactions.json,Sun_et_al__-_2018_-_Towards_a_reliable_Li-metal-free_LiNO_3,low,synthesis,synthesis.steps[1].operations[3],heat,,False,0.78,contradiction_clear,"The paper describes multiple synthesis/processing steps (e.g., hydrothermal treatment, calcination, drying, stirring at 60 °C), so “heat” alone is not explicitly stated as the synthesis operation nor ","Specify the concrete thermal operations described, e.g., “hydrothermal heating (190 °C, 15 h)” and/or “calcination (800 °C, N2, 4 h)” (also drying at 80 °C, stirring at 60 °C overnight)."
Verified_Sun_et_al__-_2018_-_Towards_a_reliable_Li-metal-free_LiNO_3_reactions.json,Sun_et_al__-_2018_-_Towards_a_reliable_Li-metal-free_LiNO_3,low,synthesis,synthesis.steps[4].operations[0],mix,,False,0.83,contradiction_clear,"The paper describes multiple synthesis/processing actions (e.g., washed, dissolved, mixed, stirred, ultrasonication, transferred, heated, calcined, assembled). It does mention “Li2S and sulphur were m","If the field expects a specific operation term from the procedure, use a more specific phrase supported by the text, e.g., “mixed (Li2S and sulphur in TEGDME) and stirred at 60 °C overnight” (catholyt"
Verified_Takahashi_et_al__-_2013_-_All-solid-state_lithium_battery_with_LiBH4_solid_e_reactions.json,Takahashi_et_al__-_2013_-_All-solid-state_lithium_battery_with_LiBH4_solid_e,low,synthesis,synthesis.steps[6].operations[0],deposit,,False,0.74,contradiction_clear,"The paper describes fabrication by pressing powders into pellets and growing thin films by pulsed laser deposition (PLD). The term “deposition” is used (e.g., “grown by pulsed laser deposition,” “used",pulsed laser deposition (PLD) (for LiCoO2 and Li3PO4 thin films); pressing/pelletizing (for bulk-type cell)
Verified_Takahashi_et_al__-_2013_-_All-solid-state_lithium_battery_with_LiBH4_solid_e_reactions.json,Takahashi_et_al__-_2013_-_All-solid-state_lithium_battery_with_LiBH4_solid_e,low,workflow,workflow.timeline[0],unknown,Prepare cathode mixture for bulk cell,False,0.74,contradiction_mixed,The paper describes the cathode preparation for the bulk-type cell as “A hand-milled mixture of LiCoO2 powder and LiBH4 powder in a weight ratio of 10:1 was used as the cathode…” and then details pres,Hand-milled mixture of LiCoO2 powder and LiBH4 powder (10:1 wt ratio) used as the cathode for a bulk-type cell; cathode and LiBH4 pressed into a two-layer pellet.
Verified_Takahashi_et_al__-_2013_-_All-solid-state_lithium_battery_with_LiBH4_solid_e_reactions.json,Takahashi_et_al__-_2013_-_All-solid-state_lithium_battery_with_LiBH4_solid_e,low,characterization,characterization[5],Galvanostatic charge–discharge,Galvanostatic charge–discharge,False,0.86,contradiction_mixed,"Most values match the paper, but one metric is incorrect in cycle count.

Supported by text:
- Bulk cell initial charge capacity: “initial charge capacity … 157 mAh g−1” (Results 3.1).
- Bulk cell ini",Clarify the last metric as: “capacity retention after 30 cycles (thin film cell with 25 nm Li3PO4-coated LiCoO2)”: 97%.
Verified_Takahashi_et_al__-_2013_-_All-solid-state_lithium_battery_with_LiBH4_solid_e_reactions.json,Takahashi_et_al__-_2013_-_All-solid-state_lithium_battery_with_LiBH4_solid_e,low,analysis,analysis.methods[0],unknown,,False,0.75,contradiction_clear,"The extracted value for “Analysis Method” is blank. The paper explicitly states multiple analysis/characterization methods used, including electrochemical impedance spectroscopy (impedance analyzer So",Analysis methods reported include: galvanostatic charge–discharge measurements; electrochemical impedance spectroscopy (EIS); X-ray diffraction (XRD); scanning electron microscopy (SEM); scanning prob
Verified_Wang_et_al__-_2021_-_Carbon_materials_for_ion-intercalation_involved_re_reactions.json,Wang_et_al__-_2021_-_Carbon_materials_for_ion-intercalation_involved_re,low,chemicals,chemicals[8],chem_9,Nickel(II) acetate,False,0.92,contradiction_clear,The paper does mention nickel(II) acetate (written as Ni(Ac)2 / Ni(AC)2) as a precursor/catalyst component in the synthesis of PAN/Ni(Ac)2/PMMA composite nanofibers discussed around Fig. 15 and relate,Chemical: Ni(Ac)2 (nickel acetate) | Amount: Not specified in the provided text
Verified_Wang_et_al__-_2021_-_Carbon_materials_for_ion-intercalation_involved_re_reactions.json,Wang_et_al__-_2021_-_Carbon_materials_for_ion-intercalation_involved_re,low,synthesis,synthesis.steps[0].operations[1],anneal,,False,0.78,contradiction_clear,"The document is a review article describing synthesis routes and thermal treatments (e.g., carbonization, pyrolysis, graphitization, thermal reduction, thermal annealing) in various contexts, but it d","Not specified (no single explicit ‘Synthesis Operation’ field/value is provided in the source; if capturing common operations mentioned, use ‘thermal annealing/heat treatment’ with specific conditions"
Verified_Wang_et_al__-_2021_-_Carbon_materials_for_ion-intercalation_involved_re_reactions.json,Wang_et_al__-_2021_-_Carbon_materials_for_ion-intercalation_involved_re,low,synthesis,synthesis.steps[1].operations[0],impregnate,,False,0.84,contradiction_clear,"The provided document is a review article discussing carbon materials, their structures, and various synthesis routes (e.g., CVD growth, exfoliation, oxidation–reduction, carbonization/pyrolysis, temp","If the field is meant as a verb explicitly appearing in the text, use “impregnation” (as in “allow the impregnation of HBC-C12 into the pores of the template”). If the field is meant as a general oper"
Verified_Wang_et_al__-_2021_-_Carbon_materials_for_ion-intercalation_involved_re_reactions.json,Wang_et_al__-_2021_-_Carbon_materials_for_ion-intercalation_involved_re,low,analysis,analysis.methods[0],unknown,,False,0.8,contradiction_clear,"The extracted value for ""Analysis Method"" is blank. The paper explicitly mentions multiple analysis/characterization methods throughout (e.g., XRD, Raman spectroscopy, TEM, SEM, XPS, XAS, EQCM, EIS, G","Populate ""Analysis Method"" with the methods explicitly mentioned in the paper, e.g., ""XRD; Raman spectroscopy; TEM/HR-TEM; SEM; XPS; XAS; EQCM; EIS; GITT; cyclic voltammetry (CV); in situ XRD/Raman; N"
Verified_Yang_et_al__-_2019_-_Aqueous_Li-ion_battery_enabled_by_halogen_conversi_reactions.json,Yang_et_al__-_2019_-_Aqueous_Li-ion_battery_enabled_by_halogen_conversi,low,targets,targets[1],target_2,Water-in-bisalt (WiBS) electrolyte,False,0.83,contradiction_clear,"The paper explicitly reports multiple chemical formulas relevant to the target material (for example, stage-I graphite intercalation compound C3.5[Br0.5Cl0.5] and an overall mixing composition (LiBr)0","If the intended target is the active stage-I GIC formula, use: C3.5[Br0.5Cl0.5]. If the intended target is the synthesized composite stoichiometry, use: (LiBr)0.5(LiCl)0.5C~3.7 (from the 2:1:2 mass ra"
Verified_Yang_et_al__-_2019_-_Aqueous_Li-ion_battery_enabled_by_halogen_conversi_reactions.json,Yang_et_al__-_2019_-_Aqueous_Li-ion_battery_enabled_by_halogen_conversi,low,synthesis,synthesis.steps[5].operations[0],combine,,False,0.72,contradiction_mixed,"The paper describes the synthesis/operation using terms like “mixing” (e.g., “synthesized by mixing anhydrous LiBr and LiCl with graphite”) and “compressing” (fabricating cathodes). Nowhere in the pro",mixing
Verified_Yang_et_al__-_2019_-_Aqueous_Li-ion_battery_enabled_by_halogen_conversi_reactions.json,Yang_et_al__-_2019_-_Aqueous_Li-ion_battery_enabled_by_halogen_conversi,low,workflow,workflow.timeline[4],unknown,Synthesis of fluorinated ether–PEO protective gel,False,0.93,contradiction_clear,The document discusses an HFE/poly(ethylene oxide) (HFE-PEO) protective gel/coating on the graphite anode (for example: “graphite anode protected by a highly fluorinated ether (HFE) polymer gel” and M,"If the intent is to capture the step described in Methods, use something like: “Preparation of HFE–PEO gel protection coating (LiTFSI-HFE gel + 10 wt% PEO in HFE/fluoroethylene carbonate (95:5), heate"
Verified_Yazdani_et_al__-_2021_-_Heterointerface_Effects_on_Lithium-Induced_Phase_T_reactions.json,Yazdani_et_al__-_2021_-_Heterointerface_Effects_on_Lithium-Induced_Phase_T,low,chemicals,chemicals[12],chem_13,Hydrogen silsesquioxane (HSQ),False,0.86,contradiction_clear,"The paper explicitly mentions hydrogen silsesquioxane (HSQ) in the device fabrication/etch mask description, but it does not leave the amount entirely unspecified: it states “HSQ was subsequently spun",Hydrogen silsesquioxane (HSQ) | Amount/condition: spun-coated at 3000 rpm (no baking) (used with PMMA as an etch mask).
Verified_Yazdani_et_al__-_2021_-_Heterointerface_Effects_on_Lithium-Induced_Phase_T_reactions.json,Yazdani_et_al__-_2021_-_Heterointerface_Effects_on_Lithium-Induced_Phase_T,low,chemicals,chemicals[14],chem_15,Trifluoromethane,False,0.98,contradiction_mixed,The paper does not mention trifluoromethane (CHF3) as a chemical used at 40 sccm in the cited “Edge-exposed Device Fabrication” context. In the Methods section describing reactive ion etching for edge,CHF3 | Amount: 40 sccm (reactive ion etching gas mixture used for edge exposure)
Verified_Yazdani_et_al__-_2021_-_Heterointerface_Effects_on_Lithium-Induced_Phase_T_reactions.json,Yazdani_et_al__-_2021_-_Heterointerface_Effects_on_Lithium-Induced_Phase_T,low,synthesis,synthesis.steps[5].operations[2],develop,,False,0.94,contradiction_clear,"The paper does not use the term “develop” as a synthesis operation, nor does it describe a “develop” step as part of material synthesis. The work focuses on assembling hBN–MoS2–hBN heterostructures an","If the intent is the device-processing operation, use “develop (lithography development in MF-312 developer)”. If the intent is a synthesis operation, a better value from the text would be “heterostru"
Verified_Yazdani_et_al__-_2021_-_Heterointerface_Effects_on_Lithium-Induced_Phase_T_reactions.json,Yazdani_et_al__-_2021_-_Heterointerface_Effects_on_Lithium-Induced_Phase_T,low,synthesis,synthesis.steps[5].operations[5],clean,,False,0.9,contradiction_clear,"The paper’s Methods and experimental description include many synthesis/fabrication steps (mechanical exfoliation, stacking/transfer, metal deposition, reactive ion etching, solvent cleaning/dissoluti","If the field is meant to capture a specific named operation, it is not explicitly stated; use ""Not specified"". If it should capture fabrication operations, list those explicitly mentioned (e.g., exfol"
Verified_Yazdani_et_al__-_2021_-_Heterointerface_Effects_on_Lithium-Induced_Phase_T_reactions.json,Yazdani_et_al__-_2021_-_Heterointerface_Effects_on_Lithium-Induced_Phase_T,low,synthesis,synthesis.steps[7].operations[1],seal,,False,0.78,contradiction_clear,The paper uses the term “seal” only in the context of “sealed with an optical-grade glass top cover” and “forming an air-tight seal” during electrochemical cell fabrication (Methods). It does not desc,"If this field is meant to capture a device/cell assembly operation (not synthesis), use: “sealed the electrochemical cell with epoxy to form an air-tight seal (glass top cover)”. If it truly must be a"
Verified_Yazdani_et_al__-_2021_-_Heterointerface_Effects_on_Lithium-Induced_Phase_T_reactions.json,Yazdani_et_al__-_2021_-_Heterointerface_Effects_on_Lithium-Induced_Phase_T,low,workflow,workflow.timeline[1],unknown,Preparation of pickup stamp,False,0.91,contradiction_clear,"The paper’s Methods/Experimental section describes heterostructure assembly using an epoxy/PPC droplet on a glass slide (a transfer “pickup” technique), but it never explicitly states a workflow step ","If the workflow timeline must reflect the paper’s wording, use something like: “Heterostructure assembly and device fabrication (epoxy/PPC transfer stamp prepared by curing epoxy on glass slide and sp"
Verified_Yazdani_et_al__-_2021_-_Heterointerface_Effects_on_Lithium-Induced_Phase_T_reactions.json,Yazdani_et_al__-_2021_-_Heterointerface_Effects_on_Lithium-Induced_Phase_T,low,characterization,characterization[0],Raman spectroscopy,Raman spectroscopy,False,0.86,contradiction_clear,"The text supports a 2H→1T′ phase transition at 1.0 V vs Li/Li+ at room temperature for both bare MoS2 and hBN–MoS2–hBN (Fig. 2e; also Fig. 3b,d). It also states that at 1.1 V vs Li/Li+ the heterostruc",Use: (1) phase transition voltage (room temperature): 1.0 V vs Li/Li+ (bare and heterostructure). (2) At 1.1 V vs Li/Li+: bare MoS2 onset at 60 °C (333 K) and full transition at 100 °C; heterostructur
Verified_Yazdani_et_al__-_2021_-_Heterointerface_Effects_on_Lithium-Induced_Phase_T_reactions.json,Yazdani_et_al__-_2021_-_Heterointerface_Effects_on_Lithium-Induced_Phase_T,low,analysis,analysis.methods[0],unknown,,False,0.94,contradiction_clear,"The extracted value for “Analysis Method” is blank, but the paper explicitly states multiple analysis/characterization methods used, including “in situ Raman spectroscopy” (also in Keywords and throug","Analysis Method: in situ Raman spectroscopy (primary experimental analysis); also in situ optical microscopy, cyclic voltammetry, and DFT calculations."
Verified_Yu_et_al__-_2020_-_Tuning_ionic_conductivity_and_electrode_compatibil_reactions.json,Yu_et_al__-_2020_-_Tuning_ionic_conductivity_and_electrode_compatibil,low,synthesis,synthesis.steps[0].operations[0],mix,,False,0.77,contradiction_clear,"The paper describes synthesis steps such as mechanochemical milling (ball milling) of LiBr and YBr3, opening the jar to hand grind, and subsequent annealing/heat treatment at various temperatures and ",mechanical milling (ball milling); hand grinding (periodically); annealing/heat treatment
Verified_Yu_et_al__-_2020_-_Tuning_ionic_conductivity_and_electrode_compatibil_reactions.json,Yu_et_al__-_2020_-_Tuning_ionic_conductivity_and_electrode_compatibil,low,characterization,characterization[1],AC impedance spectroscopy,AC impedance spectroscopy,False,0.98,contradiction_clear,"In the provided text (Fig. 2b discussion on Page 5), the activation energies from temperature-dependent impedance spectroscopy are stated as: BM-Li3YBr6 = 0.281 eV and AN-Li3YBr6 = 0.299 eV. The extra",
Verified_Yuan_et_al__-_2020_-_An_ultrastable_lithium_metal_anode_enabled_by_desi_reactions.json,Yuan_et_al__-_2020_-_An_ultrastable_lithium_metal_anode_enabled_by_desi,low,chemicals,chemicals[3],chem_4,Water,False,0.62,contradiction_clear,"The paper’s “Fabrication of NMMF” section states a mixed solution containing **10 ml of water and 10 ml of ethanol**. However, the extracted value claims **Water | Amount: 10 mL** for alleged provenan","Either (a) change provenance to only 'Fabrication of NMMF' for 'Water | Amount: 10 mL', or (b) if provenance must include 'Fabrication of NMMF@C', update to 'Deionized water | Amount: 20 mL' (and etha"
Verified_Yuan_et_al__-_2020_-_An_ultrastable_lithium_metal_anode_enabled_by_desi_reactions.json,Yuan_et_al__-_2020_-_An_ultrastable_lithium_metal_anode_enabled_by_desi,low,synthesis,synthesis.steps[0].operations[0],dissolve,,False,0.73,contradiction_clear,"The paper describes synthesis steps such as “dissolved into a mixed solution” and dispersion in solvent, but it does not explicitly list a synthesis operation named exactly “dissolve” as a standalone ","If the field expects the verb used in the procedure, use: “dissolved (into a mixed solution of water/ethanol)” or “dispersed” (for NMMF@C step)."
Verified_Yuan_et_al__-_2020_-_An_ultrastable_lithium_metal_anode_enabled_by_desi_reactions.json,Yuan_et_al__-_2020_-_An_ultrastable_lithium_metal_anode_enabled_by_desi,low,synthesis,synthesis.steps[1].operations[2],age,,False,0.93,contradiction_mixed,"The paper’s synthesis-related steps are described as precipitation, coating with resin, and carbonization (e.g., in the Materials and Methods section: dissolving precursors, dropwise addition, stirrin","Replace ""age"" with a supported operation such as ""stirring"" / ""maintaining (24 hours at room temperature)"" / ""precipitation"" / ""centrifugation"" / ""drying"" / ""carbonization"" (depending on the intended "
Verified_Yuan_et_al__-_2020_-_An_ultrastable_lithium_metal_anode_enabled_by_desi_reactions.json,Yuan_et_al__-_2020_-_An_ultrastable_lithium_metal_anode_enabled_by_desi,low,workflow,workflow.timeline[0],unknown,Dissolution of metal acetates,False,0.92,contradiction_mixed,The paper’s workflow/timeline includes dissolution of magnesium acetate and manganese acetate during NMMF synthesis (“6.4 mmol of magnesium acetate and 1.6 mmol of manganese acetate were successively ,"If the intent is to capture a specific workflow step, use: “6.4 mmol magnesium acetate and 1.6 mmol manganese acetate were successively dissolved in 10 mL water + 10 mL ethanol (Fabrication of NMMF).”"
Verified_Yuan_et_al__-_2020_-_An_ultrastable_lithium_metal_anode_enabled_by_desi_reactions.json,Yuan_et_al__-_2020_-_An_ultrastable_lithium_metal_anode_enabled_by_desi,low,workflow,workflow.timeline[1],unknown,Fluoride precipitation and aging,False,0.74,contradiction_clear,"The paper describes the synthesis workflow for NMMF@C as “precipitation of fluorides (NMMF), coating with resin, and carbonization” (Results, p.2) and provides detailed synthesis steps (Materials and ","If a workflow timeline item is needed, use wording consistent with the text, e.g., “precipitation of fluorides (NMMF), resin coating, and carbonization.” If specifically capturing the hold/aging step,"
Verified_Yuan_et_al__-_2020_-_An_ultrastable_lithium_metal_anode_enabled_by_desi_reactions.json,Yuan_et_al__-_2020_-_An_ultrastable_lithium_metal_anode_enabled_by_desi,low,workflow,workflow.timeline[3],unknown,Resin coating of NMMF,False,0.74,contradiction_clear,"The paper explicitly describes the synthesis steps as including “coating with resin” of the NMMF (Page 2, Results) and provides detailed procedure where “NMMF nanocubes coated with resorcinol-formalde","If the field must be ‘Workflow Timeline’, use wording like: “Synthesis step: NMMF precipitation → resorcinol–formaldehyde resin coating (NMMF@Resin) → carbonization to obtain NMMF@C.” If the value is "
Verified_Yuan_et_al__-_2020_-_An_ultrastable_lithium_metal_anode_enabled_by_desi_reactions.json,Yuan_et_al__-_2020_-_An_ultrastable_lithium_metal_anode_enabled_by_desi,low,characterization,characterization[4],Cryo-TEM,Cryo-TEM,False,0.78,contradiction_clear,Fig. 4 (cryo-TEM/HRTEM) supports that the SEI on NMMF@C-modified Cu exhibits a *bilayered* structure with Li2O-based inner/outer layers and that LiF nanograins are detected in the inner SEI layer; it ,"Update SEI structure to something explicitly supported, e.g., ""Li2O-involved bilayer SEI with LiF nanograins (LiF-rich SEI compared to bare Cu)"". For metallic grains, set value to ""Metallic Na, Mg, an"
Verified_Yuan_et_al__-_2020_-_An_ultrastable_lithium_metal_anode_enabled_by_desi_reactions.json,Yuan_et_al__-_2020_-_An_ultrastable_lithium_metal_anode_enabled_by_desi,low,analysis,analysis.methods[1],unknown,,False,0.9,contradiction_clear,"The extracted value for “Analysis Method” is blank. Figure 6C (and surrounding text) describes long-term cycling performance of full cells (capacity vs. cycle number), which implies galvanostatic cycl","If the intent is to capture the method behind Fig. 6C, use: “Galvanostatic charge/discharge cycling (battery cycling test) at 1 C (full cell)” (as described in the paragraph referencing Fig. 6C). Othe"
Verified_Zhang_et_al__-_2018_-_Lithiophilic-lithiophobic_gradient_interfacial_lay_reactions.json,Zhang_et_al__-_2018_-_Lithiophilic-lithiophobic_gradient_interfacial_lay,low,targets,targets[3],target_4,GZF interfacial layer,False,0.82,contradiction_clear,"The extracted value for “Target Formula” is empty, but the paper clearly specifies target/composition formulas used for the interfacial layer, notably ZnO/CNT (zinc oxide/carbon nanotube) and the grad",ZnO/CNT (zinc oxide/carbon nanotube); gradient layer: GZCNT (gradient ZnO-coated CNT)
Verified_Zhang_et_al__-_2018_-_Lithiophilic-lithiophobic_gradient_interfacial_lay_reactions.json,Zhang_et_al__-_2018_-_Lithiophilic-lithiophobic_gradient_interfacial_lay,low,chemicals,chemicals[4],chem_5,"1,3-dioxolane",False,0.85,contradiction_mixed,"The paper explicitly mentions 1,3-dioxolane (DOL) as the solvent used to disperse CNT/ZnO-CNT/graphene etc. at 0.2 wt% (e.g., 'disperse them in 1,3-dioxolane (DOL) with a concentration of 0.2 wt%') an","1,3-dioxolane (DOL) | Amount: used as dispersion solvent at 0.2 wt% (materials dispersed in DOL at 0.2 wt%); also used in electrolyte as 1:1 w/w DOL/DME."
Verified_Zhang_et_al__-_2018_-_Lithiophilic-lithiophobic_gradient_interfacial_lay_reactions.json,Zhang_et_al__-_2018_-_Lithiophilic-lithiophobic_gradient_interfacial_lay,low,chemicals,chemicals[11],chem_12,"1,2-dimethoxyethane",False,0.93,contradiction_clear,"The paper explicitly mentions dimethoxyethane (DME) as part of the electrolyte solvent system (e.g., “1:1 w/w DOL/dimethoxyethane (DME)” and “DOL/DME” in the Methods and Results). However, it does not",Dimethoxyethane (DME) | Amount: used as electrolyte solvent in 1:1 w/w DOL/DME (with 0.6 M LiTFSI and 0.4 M LiNO3).
Verified_Zhang_et_al__-_2018_-_Lithiophilic-lithiophobic_gradient_interfacial_lay_reactions.json,Zhang_et_al__-_2018_-_Lithiophilic-lithiophobic_gradient_interfacial_lay,low,chemicals,chemicals[13],chem_14,N-methyl-2-pyrrolidone,False,0.92,contradiction_mixed,The paper explicitly mentions N-methyl-2-pyrrolidone (NMP) in the Methods section for preparing the polyimide (PI) electrospinning solution: PI powder was dissolved in N-methyl-2-pyrrolidone while sti,N-methyl-2-pyrrolidone | Amount: used as solvent to make a 15 wt% polyimide solution (exact NMP volume not specified)
Verified_Zhang_et_al__-_2018_-_Lithiophilic-lithiophobic_gradient_interfacial_lay_reactions.json,Zhang_et_al__-_2018_-_Lithiophilic-lithiophobic_gradient_interfacial_lay,low,chemicals,chemicals[14],chem_15,argon,False,0.86,contradiction_clear,"The paper explicitly mentions argon used in multiple contexts with specified conditions (e.g., “Ar-filled glove box” and “RF magnetron sputtering system … under argon with high purity for 40 min”). Th",argon | Amount: 40 min (RF magnetron sputtering under high-purity argon)
Verified_Zhang_et_al__-_2018_-_Lithiophilic-lithiophobic_gradient_interfacial_lay_reactions.json,Zhang_et_al__-_2018_-_Lithiophilic-lithiophobic_gradient_interfacial_lay,low,synthesis,synthesis.steps[10].operations[1],ALD,,False,0.97,contradiction_clear,"The paper describes fabrication of interfacial layers by dispersing CNT/ZnO-CNT/graphene etc. in DOL and dripping onto Li foil, drying, plus ZnO/CNT made by chemical precipitation and electrospun fibe","Use ""solution dripping/coating (drop-casting) and drying in glovebox"" as the synthesis operation for GZCNT; include ""chemical precipitation"" for ZnO/CNT preparation. If referring specifically to GZF, "
Verified_Zhang_et_al__-_2018_-_Lithiophilic-lithiophobic_gradient_interfacial_lay_reactions.json,Zhang_et_al__-_2018_-_Lithiophilic-lithiophobic_gradient_interfacial_lay,low,workflow,workflow.timeline[0],unknown,CNT pre-annealing,False,0.74,contradiction_mixed,"The paper does mention a heat treatment (annealing) step for CNT: “The CNT … were all heated at 1500 °C for 2 h to remove the nitrogen functional groups…” (Methods, Page 9). However, the extracted wor","Replace with an explicit step from the text, e.g., “CNT heated (annealed) at 1500 °C for 2 h before use (to remove nitrogen functional groups and enhance graphitization).”"
Verified_Zhang_et_al__-_2018_-_Lithiophilic-lithiophobic_gradient_interfacial_lay_reactions.json,Zhang_et_al__-_2018_-_Lithiophilic-lithiophobic_gradient_interfacial_lay,low,workflow,workflow.timeline[3],unknown,Precipitate ZnO on CNT,False,0.74,contradiction_clear,"The paper describes forming a ZnO/CNT (zinc oxide on carbon nanotubes) composite via a chemical precipitation method, and then dripping ZnO/CNT and CNT suspensions layer-by-layer onto Li foil to creat","Synthesize ZnO/CNT by a chemical precipitation method (using Zn(OAc)2·2H2O, LiOH·H2O in ethanol; then filtrate/wash/dry), then drip ZnO/CNT and CNT suspensions layer-by-layer onto Li foil to form GZCN"
Verified_Zhang_et_al__-_2022_-_Compositionally_complex_doping_for_zero-strain_zer_reactions.json,Zhang_et_al__-_2022_-_Compositionally_complex_doping_for_zero-strain_zer,low,targets,targets[3],target_4,HE-N70,False,0.93,contradiction_clear,"In the provided paper text, the composition explicitly given for the Ni=0.7 sample is “HE-N70 with the composition of LiNi0.7Mn0.23Ti0.02Mg0.02Mo0.02Nb0.01O2” (Page 6, “Generality and transferrability",
Verified_Zhang_et_al__-_2022_-_Compositionally_complex_doping_for_zero-strain_zer_reactions.json,Zhang_et_al__-_2022_-_Compositionally_complex_doping_for_zero-strain_zer,low,synthesis,synthesis.steps[2].operations[0],measure,,False,0.84,contradiction_clear,"The paper uses the verb “measure” in contexts like “XRD measurements show…” (Page 4) and “temperature measurements…” (Methods), but it does not present “measure” as a discrete synthesis operation/step","Replace with an actual synthesis operation explicitly described in Methods, e.g., “co-precipitation” (overall method) or specific steps such as “dissolve”, “mix/stir”, “adjust pH”, “inject”, “precipit"
